wave,flux,error,f
3200,5481.8,187.24,7
3201,5463.2,186.72,7
3202,5439.7,186.04,7
3203,5421.3,185.52,7
3204,5408,185.18,7
3205,5394.7,184.84,7
3206,5401.2,185.18,7
3207,5407.8,185.52,7
3208,5414.4,185.87,7
3209,5416,186.04,7
3210,5422.6,186.38,7
3211,5429.3,186.72,7
3212,5425.9,186.72,7
3213,5422.5,186.72,7
3214,5419.1,186.72,7
3215,5415.8,186.72,7
3216,5412.4,186.72,7
3217,5399.1,186.38,7
3218,5385.8,186.04,7
3219,5382.4,186.04,7
3220,5374.1,185.87,7
3221,5375.8,186.04,7
3222,5382.3,186.38,7
3223,5388.9,186.72,7
3224,5395.5,187.07,7
3225,5397.1,187.24,7
3226,5413.7,187.93,7
3227,5425.3,188.45,7
3228,5431.9,188.8,7
3229,5443.6,189.32,7
3230,5450.2,189.67,7
3231,5456.9,190.02,7
3232,5453.5,190.02,7
3233,5450.1,190.02,7
3234,5446.8,190.02,7
3235,5443.4,190.02,7
3236,5440,190.02,7
3237,5436.7,190.02,7
3238,5408.4,189.15,7
3239,5375.3,188.11,7
3240,5342.3,187.07,7
3241,5304.7,185.87,7
3242,5267.4,184.67,7
3243,5244.8,183.99,7
3244,5227.1,183.48,7
3245,5204.6,182.81,7
3246,5187.1,182.31,7
3247,5174.4,181.97,7
3248,5171.2,181.97,7
3249,5144.2,181.13,7
3250,5122.2,180.47,7
3251,5095.5,179.64,7
3252,5059.6,178.48,7
3253,5042.6,177.99,7
3254,5020.9,177.34,7
3255,5004,176.85,7
3256,4991.7,176.52,7
3257,4979.5,176.2,7
3258,4971.9,176.04,7
3259,4950.5,175.39,7
3260,4933.8,174.9,7
3261,4912.7,174.26,7
3262,4887.1,173.46,7
3263,4866.2,172.82,7
3264,4849.8,172.35,7
3265,4833.4,171.87,7
3266,4812.7,171.24,7
3267,4800.9,170.92,7
3268,4784.7,170.45,7
3269,4773,170.14,7
3270,4770.1,170.14,7
3271,4767.1,170.14,7
3272,4764.2,170.14,7
3273,4761.3,170.14,7
3274,4758.4,170.14,7
3275,4746.8,169.82,7
3276,4743.9,169.82,7
3277,4736.6,169.67,7
3278,4725,169.36,7
3279,4713.4,169.04,7
3280,4697.6,168.58,7
3281,4686.1,168.27,7
3282,4674.6,167.96,7
3283,4671.7,167.96,7
3284,4660.3,167.65,7
3285,4653.2,167.49,7
3286,4650.3,167.49,7
3287,4647.5,167.49,7
3288,4636.1,167.19,7
3289,4633.3,167.19,7
3290,4630.5,167.19,7
3291,4627.7,167.19,7
3292,4616.4,166.88,7
3293,4613.6,166.88,7
3294,4606.5,166.72,7
3295,4595.3,166.42,7
3296,4584,166.11,7
3297,4572.8,165.81,7
3298,4570,165.81,7
3299,4563.1,165.65,7
3300,4564.5,165.81,7
3301,4570.1,166.11,7
3302,4575.8,166.42,7
3303,4573,166.42,7
3304,4578.7,166.72,7
3305,4580.1,166.88,7
3306,4577.3,166.88,7
3307,4574.6,166.88,7
3308,4571.8,166.88,7
3309,4569.1,166.88,7
3310,4562.1,166.72,7
3311,4559.3,166.72,7
3312,4556.6,166.72,7
3313,4558,166.88,7
3314,4555.3,166.88,7
3315,4548.4,166.72,7
3316,4537.2,166.42,7
3317,4534.5,166.42,7
3318,4540.1,166.72,7
3319,4541.6,166.88,7
3320,4555.6,167.49,7
3321,4565.4,167.96,7
3322,4571.1,168.27,7
3323,4576.8,168.58,7
3324,4565.6,168.27,7
3325,4554.5,167.96,7
3326,4551.7,167.96,7
3327,4540.6,167.65,7
3328,4546.2,167.96,7
3329,4543.5,167.96,7
3330,4540.8,167.96,7
3331,4538.1,167.96,7
3332,4535.3,167.96,7
3333,4524.3,167.65,7
3334,4517.4,167.49,7
3335,4506.4,167.19,7
3336,4495.4,166.88,7
3337,4492.7,166.88,7
3338,4485.9,166.72,7
3339,4487.3,166.88,7
3340,4484.6,166.88,7
3341,4481.9,166.88,7
3342,4479.3,166.88,7
3343,4464.3,166.42,7
3344,4453.4,166.11,7
3345,4450.7,166.11,7
3346,4439.8,165.81,7
3347,4437.2,165.81,7
3348,4430.5,165.65,7
3349,4419.7,165.35,7
3350,4408.9,165.04,7
3351,4394.1,164.59,7
3352,4375.4,163.98,7
3353,4360.7,163.53,7
3354,4350,163.23,7
3355,4331.5,162.63,7
3356,4324.9,162.48,7
3357,4314.4,162.18,7
3358,4311.8,162.18,7
3359,4309.3,162.18,7
3360,4298.7,161.88,7
3361,4292.2,161.73,7
3362,4281.8,161.44,7
3363,4279.2,161.44,7
3364,4276.7,161.44,7
3365,4274.2,161.44,7
3366,4283.4,161.88,7
3367,4296.7,162.48,7
3368,4306,162.93,7
3369,4311.4,163.23,7
3370,4316.8,163.53,7
3371,4314.2,163.53,7
3372,4303.7,163.23,7
3373,4301.2,163.23,7
3374,4298.6,163.23,7
3375,4296.1,163.23,7
3376,4285.6,162.93,7
3377,4283.1,162.93,7
3378,4280.6,162.93,7
3379,4278,162.93,7
3380,4283.4,163.23,7
3381,4280.8,163.23,7
3382,4270.4,162.93,7
3383,4267.9,162.93,7
3384,4253.6,162.48,7
3385,4243.3,162.18,7
3386,4248.6,162.48,7
3387,4250,162.63,7
3388,4247.5,162.63,7
3389,4252.8,162.93,7
3390,4242.5,162.63,7
3391,4240,162.63,7
3392,4225.8,162.18,7
3393,4215.5,161.88,7
3394,4193.7,161.14,7
3395,4183.5,160.84,7
3396,4169.5,160.4,7
3397,4159.4,160.1,7
3398,4149.3,159.81,7
3399,4143,159.66,7
3400,4140.6,159.66,7
3401,4138.2,159.66,7
3402,4135.7,159.66,7
3403,4144.7,160.1,7
3404,4157.6,160.69,7
3405,4159,160.84,7
3406,4164.2,161.14,7
3407,4161.7,161.14,7
3408,4167,161.44,7
3409,4164.5,161.44,7
3410,4162.1,161.44,7
3411,4152,161.14,7
3412,4141.9,160.84,7
3413,4128.1,160.4,7
3414,4118.1,160.1,7
3415,4108.1,159.81,7
3416,4101.9,159.66,7
3417,4092,159.37,7
3418,4082,159.07,7
3419,4072.1,158.78,7
3420,4066,158.64,7
3421,4056.2,158.34,7
3422,4053.8,158.34,7
3423,4058.9,158.64,7
3424,4049.1,158.34,7
3425,4039.3,158.05,7
3426,4025.7,157.62,7
3427,4016,157.33,7
3428,4006.3,157.04,7
3429,4003.9,157.04,7
3430,3997.9,156.89,7
3431,3988.2,156.6,7
3432,3985.9,156.6,7
3433,3983.6,156.6,7
3434,3981.2,156.6,7
3435,3978.9,156.6,7
3436,3983.9,156.89,7
3437,3992.7,157.33,7
3438,4001.4,157.76,7
3439,4006.4,158.05,7
3440,4011.5,158.34,7
3441,4009.1,158.34,7
3442,4006.8,158.34,7
3443,3997.1,158.05,7
3444,3976.4,157.33,7
3445,3963.2,156.89,7
3446,3939,156.03,7
3447,3918.7,155.31,7
3448,3905.6,154.88,7
3449,3889,154.31,7
3450,3879.6,154.03,7
3451,3873.7,153.89,7
3452,3871.5,153.89,7
3453,3869.2,153.89,7
3454,3870.6,154.03,7
3455,3868.3,154.03,7
3456,3873.2,154.31,7
3457,3871,154.31,7
3458,3868.8,154.31,7
3459,3873.6,154.6,7
3460,3871.4,154.6,7
3461,3862,154.31,7
3462,3852.7,154.03,7
3463,3846.9,153.89,7
3464,3837.6,153.6,7
3465,3835.4,153.6,7
3466,3833.2,153.6,7
3467,3831,153.6,7
3468,3835.8,153.89,7
3469,3844.3,154.31,7
3470,3849.1,154.6,7
3471,3846.9,154.6,7
3472,3844.7,154.6,7
3473,3842.5,154.6,7
3474,3833.2,154.31,7
3475,3831,154.31,7
3476,3811.2,153.6,7
3477,3802,153.32,7
3478,3782.3,152.62,7
3479,3762.8,151.91,7
3480,3753.7,151.64,7
3481,3741.2,151.22,7
3482,3732.2,150.94,7
3483,3736.9,151.22,7
3484,3734.8,151.22,7
3485,3736.1,151.36,7
3486,3740.8,151.64,7
3487,3745.6,151.91,7
3488,3753.8,152.34,7
3489,3765.5,152.9,7
3490,3773.7,153.32,7
3491,3771.6,153.32,7
3492,3776.3,153.6,7
3493,3767.2,153.32,7
3494,3761.6,153.18,7
3495,3745.6,152.62,7
3496,3736.6,152.34,7
3497,3731,152.19,7
3498,3722,151.91,7
3499,3713.1,151.64,7
3500,3704.1,151.36,7
3501,3698.6,151.22,7
3502,3682.9,150.66,7
3503,3670.6,150.24,7
3504,3661.8,149.97,7
3505,3653,149.69,7
3506,3650.9,149.69,7
3507,3648.8,149.69,7
3508,3640,149.42,7
3509,3634.6,149.28,7
3510,3632.5,149.28,7
3511,3633.8,149.42,7
3512,3631.7,149.42,7
3513,3636.3,149.69,7
3514,3634.3,149.69,7
3515,3638.9,149.97,7
3516,3636.8,149.97,7
3517,3641.5,150.24,7
3518,3642.7,150.38,7
3519,3647.4,150.66,7
3520,3645.3,150.66,7
3521,3643.2,150.66,7
3522,3641.2,150.66,7
3523,3639.1,150.66,7
3524,3643.7,150.94,7
3525,3635,150.66,7
3526,3632.9,150.66,7
3527,3620.8,150.24,7
3528,3605.5,149.69,7
3529,3593.5,149.28,7
3530,3578.3,148.73,7
3531,3559.8,148.05,7
3532,3551.2,147.77,7
3533,3539.4,147.37,7
3534,3530.9,147.1,7
3535,3519.2,146.69,7
3536,3504.2,146.15,7
3537,3492.6,145.75,7
3538,3484.2,145.48,7
3539,3482.2,145.48,7
3540,3473.9,145.21,7
3541,3471.9,145.21,7
3542,3469.9,145.21,7
3543,3458.4,144.81,7
3544,3456.5,144.81,7
3545,3454.5,144.81,7
3546,3452.6,144.81,7
3547,3450.6,144.81,7
3548,3448.7,144.81,7
3549,3446.7,144.81,7
3550,3448,144.94,7
3551,3446,144.94,7
3552,3444.1,144.94,7
3553,3448.5,145.21,7
3554,3446.6,145.21,7
3555,3444.6,145.21,7
3556,3442.7,145.21,7
3557,3440.7,145.21,7
3558,3438.8,145.21,7
3559,3436.9,145.21,7
3560,3441.3,145.48,7
3561,3439.3,145.48,7
3562,3443.8,145.75,7
3563,3441.8,145.75,7
3564,3439.9,145.75,7
3565,3438,145.75,7
3566,3436,145.75,7
3567,3427.8,145.48,7
3568,3425.9,145.48,7
3569,3423.9,145.48,7
3570,3422,145.48,7
3571,3420.1,145.48,7
3572,3418.2,145.48,7
3573,3416.3,145.48,7
3574,3408.1,145.21,7
3575,3406.2,145.21,7
3576,3410.5,145.48,7
3577,3402.4,145.21,7
3578,3400.5,145.21,7
3579,3392.3,144.94,7
3580,3387.3,144.81,7
3581,3379.2,144.54,7
3582,3377.3,144.54,7
3583,3369.2,144.28,7
3584,3367.3,144.28,7
3585,3365.4,144.28,7
3586,3363.6,144.28,7
3587,3361.7,144.28,7
3588,3359.8,144.28,7
3589,3354.9,144.15,7
3590,3356.1,144.28,7
3591,3354.2,144.28,7
3592,3352.3,144.28,7
3593,3350.5,144.28,7
3594,3333.2,143.61,7
3595,3322.2,143.22,7
3596,3308.1,142.69,7
3597,3300.2,142.43,7
3598,3295.3,142.3,7
3599,3287.4,142.04,7
3600,3285.6,142.04,7
3601,3283.8,142.04,7
3602,3282,142.04,7
3603,3286.2,142.3,7
3604,3284.4,142.3,7
3605,3285.6,142.43,7
3606,3289.8,142.69,7
3607,3288,142.69,7
3608,3286.2,142.69,7
3609,3284.3,142.69,7
3610,3282.5,142.69,7
3611,3271.6,142.3,7
3612,3263.8,142.04,7
3613,3256,141.77,7
3614,3248.2,141.51,7
3615,3243.4,141.38,7
3616,3241.6,141.38,7
3617,3233.9,141.12,7
3618,3232.1,141.12,7
3619,3224.4,140.86,7
3620,3213.7,140.48,7
3621,3206,140.22,7
3622,3198.3,139.96,7
3623,3187.7,139.57,7
3624,3186,139.57,7
3625,3178.4,139.32,7
3626,3170.8,139.06,7
3627,3169,139.06,7
3628,3167.3,139.06,7
3629,3165.5,139.06,7
3630,3169.6,139.32,7
3631,3167.9,139.32,7
3632,3166.1,139.32,7
3633,3158.6,139.06,7
3634,3156.8,139.06,7
3635,3146.4,138.68,7
3636,3138.9,138.42,7
3637,3128.5,138.04,7
3638,3126.8,138.04,7
3639,3119.3,137.78,7
3640,3117.6,137.78,7
3641,3115.9,137.78,7
3642,3108.4,137.53,7
3643,3106.7,137.53,7
3644,3105,137.53,7
3645,3103.3,137.53,7
3646,3101.6,137.53,7
3647,3099.9,137.53,7
3648,3092.5,137.28,7
3649,3090.8,137.28,7
3650,3086.3,137.15,7
3651,3078.9,136.9,7
3652,3068.7,136.52,7
3653,3055.8,136.02,7
3654,3048.5,135.77,7
3655,3038.4,135.39,7
3656,3031.2,135.15,7
3657,3023.9,134.9,7
3658,3022.3,134.9,7
3659,3012.3,134.52,7
3660,3005.1,134.28,7
3661,3003.5,134.28,7
3662,2996.3,134.03,7
3663,2994.6,134.03,7
3664,2993,134.03,7
3665,2991.4,134.03,7
3666,2989.7,134.03,7
3667,2988.1,134.03,7
3668,2986.5,134.03,7
3669,2984.9,134.03,7
3670,2983.2,134.03,7
3671,2987.1,134.28,7
3672,2985.5,134.28,7
3673,2989.4,134.52,7
3674,2993.2,134.77,7
3675,2994.4,134.9,7
3676,2998.3,135.15,7
3677,3002.2,135.39,7
3678,3006.1,135.64,7
3679,3007.2,135.77,7
3680,3005.6,135.77,7
3681,3009.5,136.02,7
3682,3002.3,135.77,7
3683,3000.7,135.77,7
3684,2990.8,135.39,7
3685,2989.1,135.39,7
3686,2982,135.15,7
3687,2974.9,134.9,7
3688,2965.1,134.52,7
3689,2949.9,133.91,7
3690,2937.4,133.41,7
3691,2922.3,132.8,7
3692,2912.7,132.43,7
3693,2905.8,132.19,7
3694,2898.9,131.95,7
3695,2892,131.7,7
3696,2882.4,131.34,7
3697,2880.8,131.34,7
3698,2874,131.1,7
3699,2867.2,130.86,7
3700,2870.9,131.1,7
3701,2869.3,131.1,7
3702,2878.4,131.58,7
3703,2884.8,131.95,7
3704,2888.5,132.19,7
3705,2892.3,132.43,7
3706,2885.4,132.19,7
3707,2873.3,131.7,7
3708,2869.1,131.58,7
3709,2862.2,131.34,7
3710,2855.4,131.1,7
3711,2848.7,130.86,7
3712,2844.5,130.74,7
3713,2843,130.74,7
3714,2841.4,130.74,7
3715,2839.9,130.74,7
3716,2838.4,130.74,7
3717,2836.8,130.74,7
3718,2835.3,130.74,7
3719,2833.8,130.74,7
3720,2832.3,130.74,7
3721,2825.5,130.5,7
3722,2824,130.5,7
3723,2822.5,130.5,7
3724,2815.8,130.26,7
3725,2814.3,130.26,7
3726,2818,130.5,7
3727,2821.6,130.74,7
3728,2827.9,131.1,7
3729,2831.6,131.34,7
3730,2837.9,131.7,7
3731,2846.9,132.19,7
3732,2853.2,132.56,7
3733,2857,132.8,7
3734,2860.7,133.05,7
3735,2861.8,133.17,7
3736,2852.4,132.8,7
3737,2837.8,132.19,7
3738,2825.8,131.7,7
3739,2811.3,131.1,7
3740,2802.1,130.74,7
3741,2800.6,130.74,7
3742,2799.1,130.74,7
3743,2792.4,130.5,7
3744,2790.9,130.5,7
3745,2789.4,130.5,7
3746,2788,130.5,7
3747,2786.5,130.5,7
3748,2785,130.5,7
3749,2778.4,130.26,7
3750,2776.9,130.26,7
3751,2775.4,130.26,7
3752,2766.3,129.9,7
3753,2759.7,129.66,7
3754,2753.2,129.42,7
3755,2744.1,129.06,7
3756,2737.6,128.83,7
3757,2731.1,128.59,7
3758,2727.1,128.47,7
3759,2725.7,128.47,7
3760,2724.2,128.47,7
3761,2725.3,128.59,7
3762,2723.8,128.59,7
3763,2727.4,128.83,7
3764,2726,128.83,7
3765,2724.5,128.83,7
3766,2723.1,128.83,7
3767,2716.6,128.59,7
3768,2715.2,128.59,7
3769,2713.7,128.59,7
3770,2709.8,128.47,7
3771,2708.4,128.47,7
3772,2706.9,128.47,7
3773,2708,128.59,7
3774,2706.6,128.59,7
3775,2705.1,128.59,7
3776,2703.7,128.59,7
3777,2694.8,128.23,7
3778,2683.5,127.76,7
3779,2674.7,127.41,7
3780,2660.9,126.82,7
3781,2654.7,126.59,7
3782,2648.4,126.36,7
3783,2647,126.36,7
3784,2645.6,126.36,7
3785,2649,126.59,7
3786,2642.8,126.36,7
3787,2641.4,126.36,7
3788,2635.1,126.12,7
3789,2631.3,126.01,7
3790,2625.1,125.78,7
3791,2623.7,125.78,7
3792,2617.5,125.55,7
3793,2608.9,125.2,7
3794,2607.5,125.2,7
3795,2606.1,125.2,7
3796,2607.2,125.31,7
3797,2610.6,125.55,7
3798,2614,125.78,7
3799,2617.5,126.01,7
3800,2616.1,126.01,7
3801,2621.9,126.36,7
3802,2620.6,126.36,7
3803,2624,126.59,7
3804,2627.5,126.82,7
3805,2626.1,126.82,7
3806,2624.7,126.82,7
3807,2623.3,126.82,7
3808,2622,126.82,7
3809,2620.6,126.82,7
3810,2621.6,126.94,7
3811,2625.1,127.17,7
3812,2633.4,127.64,7
3813,2639.3,128,7
3814,2637.9,128,7
3815,2636.5,128,7
3816,2630.3,127.76,7
3817,2621.7,127.41,7
3818,2620.3,127.41,7
3819,2614.1,127.17,7
3820,2607.9,126.94,7
3821,2606.6,126.94,7
3822,2602.8,126.82,7
3823,2601.4,126.82,7
3824,2600.1,126.82,7
3825,2593.9,126.59,7
3826,2592.6,126.59,7
3827,2586.4,126.36,7
3828,2580.3,126.12,7
3829,2579,126.12,7
3830,2577.6,126.12,7
3831,2576.3,126.12,7
3832,2579.7,126.36,7
3833,2578.3,126.36,7
3834,2577,126.36,7
3835,2580.4,126.59,7
3836,2579.1,126.59,7
3837,2582.5,126.82,7
3838,2588.3,127.17,7
3839,2591.7,127.41,7
3840,2590.3,127.41,7
3841,2593.8,127.64,7
3842,2594.8,127.76,7
3843,2593.5,127.76,7
3844,2592.1,127.76,7
3845,2590.8,127.76,7
3846,2589.4,127.76,7
3847,2588.1,127.76,7
3848,2591.5,128,7
3849,2594.9,128.23,7
3850,2593.6,128.23,7
3851,2597,128.47,7
3852,2595.7,128.47,7
3853,2594.3,128.47,7
3854,2593,128.47,7
3855,2586.9,128.23,7
3856,2585.5,128.23,7
3857,2584.2,128.23,7
3858,2582.8,128.23,7
3859,2576.7,128,7
3860,2575.4,128,7
3861,2569.3,127.76,7
3862,2560.9,127.41,7
3863,2554.9,127.17,7
3864,2553.6,127.17,7
3865,2547.5,126.94,7
3866,2546.2,126.94,7
3867,2544.9,126.94,7
3868,2548.3,127.17,7
3869,2547,127.17,7
3870,2550.3,127.41,7
3871,2549,127.41,7
3872,2547.7,127.41,7
3873,2541.7,127.17,7
3874,2540.4,127.17,7
3875,2539.1,127.17,7
3876,2533.1,126.94,7
3877,2529.5,126.82,7
3878,2523.5,126.59,7
3879,2517.6,126.36,7
3880,2511.6,126.12,7
3881,2510.3,126.12,7
3882,2506.7,126.01,7
3883,2505.4,126.01,7
3884,2499.6,125.78,7
3885,2493.7,125.55,7
3886,2485.5,125.2,7
3887,2479.7,124.97,7
3888,2478.4,124.97,7
3889,2477.1,124.97,7
3890,2480.4,125.2,7
3891,2486,125.55,7
3892,2489.3,125.78,7
3893,2492.6,126.01,7
3894,2491.3,126.01,7
3895,2490,126.01,7
3896,2491,126.12,7
3897,2494.4,126.36,7
3898,2497.7,126.59,7
3899,2496.4,126.59,7
3900,2499.7,126.82,7
3901,2489.2,126.36,7
3902,2488,126.36,7
3903,2486.7,126.36,7
3904,2485.4,126.36,7
3905,2484.2,126.36,7
3906,2482.9,126.36,7
3907,2477,126.12,7
3908,2475.8,126.12,7
3909,2474.5,126.12,7
3910,2473.2,126.12,7
3911,2472,126.12,7
3912,2470.7,126.12,7
3913,2469.5,126.12,7
3914,2472.7,126.36,7
3915,2471.5,126.36,7
3916,2470.2,126.36,7
3917,2469,126.36,7
3918,2467.7,126.36,7
3919,2461.9,126.12,7
3920,2460.6,126.12,7
3921,2459.4,126.12,7
3922,2455.9,126.01,7
3923,2454.6,126.01,7
3924,2448.9,125.78,7
3925,2447.6,125.78,7
3926,2441.9,125.55,7
3927,2436.1,125.31,7
3928,2432.6,125.2,7
3929,2426.9,124.97,7
3930,2425.7,124.97,7
3931,2424.5,124.97,7
3932,2418.8,124.74,7
3933,2417.5,124.74,7
3934,2420.8,124.97,7
3935,2419.5,124.97,7
3936,2418.3,124.97,7
3937,2412.6,124.74,7
3938,2411.4,124.74,7
3939,2410.2,124.74,7
3940,2406.7,124.62,7
3941,2401.1,124.39,7
3942,2395.5,124.17,7
3943,2389.8,123.94,7
3944,2386.4,123.82,7
3945,2380.8,123.59,7
3946,2375.2,123.37,7
3947,2367.5,123.03,7
3948,2357.6,122.57,7
3949,2349.9,122.24,7
3950,2340.1,121.79,7
3951,2332.4,121.45,7
3952,2326.9,121.23,7
3953,2319.4,120.89,7
3954,2309.7,120.45,7
3955,2304.2,120.23,7
3956,2296.7,119.89,7
3957,2291.3,119.67,7
3958,2283.9,119.34,7
3959,2274.3,118.9,7
3960,2266.9,118.58,7
3961,2257.4,118.14,7
3962,2250,117.81,7
3963,2240.6,117.38,7
3964,2233.3,117.06,7
3965,2228.1,116.84,7
3966,2220.8,116.52,7
3967,2215.6,116.31,7
3968,2210.4,116.09,7
3969,2209.3,116.09,7
3970,2204.1,115.88,7
3971,2201,115.77,7
3972,2199.9,115.77,7
3973,2194.7,115.56,7
3974,2193.6,115.56,7
3975,2192.5,115.56,7
3976,2195.5,115.77,7
3977,2194.4,115.77,7
3978,2199.3,116.09,7
3979,2198.2,116.09,7
3980,2201.2,116.31,7
3981,2204.1,116.52,7
3982,2203,116.52,7
3983,2208,116.84,7
3984,2211,117.06,7
3985,2216,117.38,7
3986,2218.9,117.6,7
3987,2228.1,118.14,7
3988,2231,118.36,7
3989,2240.2,118.9,7
3990,2247.4,119.34,7
3991,2252.5,119.67,7
3992,2261.7,120.23,7
3993,2264.8,120.45,7
3994,2267.8,120.67,7
3995,2272.9,121,7
3996,2276,121.23,7
3997,2279,121.45,7
3998,2277.9,121.45,7
3999,2283.1,121.79,7
4000,2281.9,121.79,7
4001,2280.8,121.79,7
4002,2279.6,121.79,7
4003,2282.7,122.01,7
4004,2281.6,122.01,7
4005,2280.4,122.01,7
4006,2279.3,122.01,7
4007,2278.1,122.01,7
4008,2277,122.01,7
4009,2275.9,122.01,7
4010,2274.7,122.01,7
4011,2269.4,121.79,7
4012,2268.3,121.79,7
4013,2267.2,121.79,7
4014,2266,121.79,7
4015,2264.9,121.79,7
4016,2263.8,121.79,7
4017,2262.6,121.79,7
4018,2261.5,121.79,7
4019,2260.4,121.79,7
4020,2259.3,121.79,7
4021,2262.3,122.01,7
4022,2261.2,122.01,7
4023,2260.1,122.01,7
4024,2263.1,122.24,7
4025,2262,122.24,7
4026,2260.9,122.24,7
4027,2261.8,122.35,7
4028,2260.7,122.35,7
4029,2263.7,122.57,7
4030,2262.6,122.57,7
4031,2261.5,122.57,7
4032,2260.4,122.57,7
4033,2255.1,122.35,7
4034,2251.9,122.24,7
4035,2250.8,122.24,7
4036,2249.7,122.24,7
4037,2244.4,122.01,7
4038,2243.3,122.01,7
4039,2242.2,122.01,7
4040,2241.1,122.01,7
4041,2240,122.01,7
4042,2238.9,122.01,7
4043,2237.8,122.01,7
4044,2236.6,122.01,7
4045,2235.5,122.01,7
4046,2230.3,121.79,7
4047,2229.2,121.79,7
4048,2226.1,121.67,7
4049,2220.9,121.45,7
4050,2219.8,121.45,7
4051,2218.7,121.45,7
4052,2213.5,121.23,7
4053,2208.3,121,7
4054,2207.3,121,7
4055,2206.2,121,7
4056,2203,120.89,7
4057,2202,120.89,7
4058,2200.9,120.89,7
4059,2199.8,120.89,7
4060,2198.7,120.89,7
4061,2197.6,120.89,7
4062,2192.5,120.67,7
4063,2187.4,120.45,7
4064,2186.3,120.45,7
4065,2181.2,120.23,7
4066,2178.1,120.12,7
4067,2173.1,119.89,7
4068,2168,119.67,7
4069,2166.9,119.67,7
4070,2161.9,119.45,7
4071,2158.8,119.34,7
4072,2153.8,119.12,7
4073,2148.8,118.9,7
4074,2143.8,118.69,7
4075,2140.7,118.58,7
4076,2131.8,118.14,7
4077,2124.9,117.81,7
4078,2116,117.38,7
4079,2109.2,117.06,7
4080,2100.4,116.63,7
4081,2093.6,116.31,7
4082,2082.9,115.77,7
4083,2074.2,115.34,7
4084,2067.5,115.03,7
4085,2058.9,114.6,7
4086,2048.4,114.08,7
4087,2038,113.55,7
4088,2027.7,113.03,7
4089,2019.2,112.62,7
4090,2012.7,112.31,7
4091,2004.3,111.89,7
4092,1994.1,111.38,7
4093,1984,110.87,7
4094,1975.7,110.46,7
4095,1965.7,109.95,7
4096,1955.7,109.45,7
4097,1945.8,108.94,7
4098,1937.7,108.54,7
4099,1927.8,108.04,7
4100,1923.3,107.85,7
4101,1917.1,107.55,7
4102,1912.6,107.35,7
4103,1911.7,107.35,7
4104,1910.8,107.35,7
4105,1913.3,107.55,7
4106,1915.9,107.75,7
4107,1916.8,107.85,7
4108,1922.9,108.24,7
4109,1927.3,108.54,7
4110,1929.9,108.74,7
4111,1932.5,108.94,7
4112,1936.9,109.24,7
4113,1943.1,109.65,7
4114,1947.6,109.95,7
4115,1955.6,110.46,7
4116,1961.9,110.87,7
4117,1966.3,111.17,7
4118,1969,111.38,7
4119,1971.7,111.58,7
4120,1976.2,111.89,7
4121,1978.9,112.1,7
4122,1983.4,112.41,7
4123,1986.1,112.62,7
4124,1988.8,112.82,7
4125,1991.5,113.03,7
4126,1992.3,113.14,7
4127,1995,113.34,7
4128,1997.8,113.55,7
4129,2000.5,113.76,7
4130,2001.3,113.87,7
4131,2000.4,113.87,7
4132,2003.1,114.08,7
4133,2002.1,114.08,7
4134,2004.8,114.29,7
4135,2003.9,114.29,7
4136,2006.6,114.5,7
4137,2005.6,114.5,7
4138,2006.5,114.6,7
4139,2005.5,114.6,7
4140,2008.3,114.82,7
4141,2007.3,114.82,7
4142,2010,115.03,7
4143,2009.1,115.03,7
4144,2008.1,115.03,7
4145,2007.1,115.03,7
4146,2006.1,115.03,7
4147,2005.2,115.03,7
4148,2004.2,115.03,7
4149,2003.2,115.03,7
4150,2002.3,115.03,7
4151,2001.3,115.03,7
4152,2000.4,115.03,7
4153,1999.4,115.03,7
4154,1998.4,115.03,7
4155,1997.5,115.03,7
4156,1996.5,115.03,7
4157,1995.5,115.03,7
4158,1994.6,115.03,7
4159,1993.6,115.03,7
4160,1992.7,115.03,7
4161,1991.7,115.03,7
4162,1987.1,114.82,7
4163,1986.1,114.82,7
4164,1988.8,115.03,7
4165,1987.9,115.03,7
4166,1986.9,115.03,7
4167,1987.8,115.13,7
4168,1990.5,115.34,7
4169,1989.6,115.34,7
4170,1992.3,115.56,7
4171,1991.3,115.56,7
4172,1990.4,115.56,7
4173,1989.4,115.56,7
4174,1988.5,115.56,7
4175,1991.2,115.77,7
4176,1990.2,115.77,7
4177,1989.3,115.77,7
4178,1988.3,115.77,7
4179,1987.4,115.77,7
4180,1986.4,115.77,7
4181,1985.5,115.77,7
4182,1984.5,115.77,7
4183,1983.6,115.77,7
4184,1982.6,115.77,7
4185,1981.7,115.77,7
4186,1980.7,115.77,7
4187,1979.8,115.77,7
4188,1978.8,115.77,7
4189,1977.9,115.77,7
4190,1973.3,115.56,7
4191,1972.4,115.56,7
4192,1971.4,115.56,7
4193,1970.5,115.56,7
4194,1969.5,115.56,7
4195,1968.6,115.56,7
4196,1971.3,115.77,7
4197,1966.7,115.56,7
4198,1965.8,115.56,7
4199,1964.8,115.56,7
4200,1960.3,115.34,7
4201,1954,115.03,7
4202,1953,115.03,7
4203,1948.5,114.82,7
4204,1947.6,114.82,7
4205,1943.1,114.6,7
4206,1942.1,114.6,7
4207,1941.2,114.6,7
4208,1940.3,114.6,7
4209,1939.4,114.6,7
4210,1938.5,114.6,7
4211,1941.1,114.82,7
4212,1940.2,114.82,7
4213,1939.3,114.82,7
4214,1938.3,114.82,7
4215,1937.4,114.82,7
4216,1936.5,114.82,7
4217,1935.6,114.82,7
4218,1938.2,115.03,7
4219,1937.3,115.03,7
4220,1938.2,115.13,7
4221,1940.8,115.34,7
4222,1943.5,115.56,7
4223,1942.6,115.56,7
4224,1941.7,115.56,7
4225,1940.7,115.56,7
4226,1939.8,115.56,7
4227,1938.9,115.56,7
4228,1934.4,115.34,7
4229,1929.9,115.13,7
4230,1927.3,115.03,7
4231,1922.8,114.82,7
4232,1918.3,114.6,7
4233,1915.7,114.5,7
4234,1911.3,114.29,7
4235,1910.4,114.29,7
4236,1905.9,114.08,7
4237,1901.5,113.87,7
4238,1900.6,113.87,7
4239,1899.7,113.87,7
4240,1897.1,113.76,7
4241,1896.2,113.76,7
4242,1895.3,113.76,7
4243,1894.4,113.76,7
4244,1893.5,113.76,7
4245,1892.6,113.76,7
4246,1888.3,113.55,7
4247,1887.4,113.55,7
4248,1886.5,113.55,7
4249,1885.6,113.55,7
4250,1884.7,113.55,7
4251,1880.3,113.34,7
4252,1879.5,113.34,7
4253,1875.1,113.14,7
4254,1872.5,113.03,7
4255,1868.2,112.82,7
4256,1867.3,112.82,7
4257,1863,112.62,7
4258,1862.1,112.62,7
4259,1861.3,112.62,7
4260,1860.4,112.62,7
4261,1856.1,112.41,7
4262,1855.2,112.41,7
4263,1852.6,112.31,7
4264,1851.8,112.31,7
4265,1850.9,112.31,7
4266,1850,112.31,7
4267,1849.2,112.31,7
4268,1848.3,112.31,7
4269,1844,112.1,7
4270,1843.2,112.1,7
4271,1838.9,111.89,7
4272,1834.7,111.69,7
4273,1833.8,111.69,7
4274,1831.3,111.58,7
4275,1830.4,111.58,7
4276,1829.6,111.58,7
4277,1825.3,111.38,7
4278,1824.5,111.38,7
4279,1820.3,111.17,7
4280,1819.4,111.17,7
4281,1818.6,111.17,7
4282,1816,111.07,7
4283,1811.9,110.87,7
4284,1811,110.87,7
4285,1810.2,110.87,7
4286,1806,110.66,7
4287,1805.2,110.66,7
4288,1801,110.46,7
4289,1800.1,110.46,7
4290,1794.3,110.15,7
4291,1790.2,109.95,7
4292,1786.1,109.75,7
4293,1783.6,109.65,7
4294,1779.5,109.45,7
4295,1775.4,109.24,7
4296,1769.7,108.94,7
4297,1765.6,108.74,7
4298,1761.5,108.54,7
4299,1759.1,108.44,7
4300,1755,108.24,7
4301,1751,108.04,7
4302,1747,107.85,7
4303,1746.1,107.85,7
4304,1740.5,107.55,7
4305,1739.7,107.55,7
4306,1735.7,107.35,7
4307,1731.7,107.15,7
4308,1729.3,107.05,7
4309,1725.3,106.86,7
4310,1721.3,106.66,7
4311,1717.4,106.46,7
4312,1715,106.37,7
4313,1711,106.17,7
4314,1707.1,105.97,7
4315,1701.6,105.68,7
4316,1697.7,105.49,7
4317,1692.2,105.2,7
4318,1685.2,104.81,7
4319,1676.7,104.33,7
4320,1672.8,104.14,7
4321,1664.4,103.66,7
4322,1657.5,103.28,7
4323,1652.1,102.99,7
4324,1643.8,102.52,7
4325,1635.5,102.05,7
4326,1625.7,101.48,7
4327,1617.5,101.02,7
4328,1609.3,100.55,7
4329,1598.3,99.908,7
4330,1587.2,99.266,7
4331,1579.2,98.809,7
4332,1568.4,98.174,7
4333,1557.5,97.544,7
4334,1544,96.739,7
4335,1533.4,96.117,7
4336,1522.8,95.499,7
4337,1512.3,94.885,7
4338,1504.7,94.449,7
4339,1499.8,94.189,7
4340,1493.6,93.842,7
4341,1492.9,93.842,7
4342,1492.2,93.842,7
4343,1491.6,93.842,7
4344,1496.4,94.189,7
4345,1499.8,94.449,7
4346,1506.1,94.885,7
4347,1513.7,95.411,7
4348,1520,95.852,7
4349,1526.3,96.294,7
4350,1532.6,96.739,7
4351,1537.6,97.096,7
4352,1544,97.544,7
4353,1550.4,97.994,7
4354,1556.8,98.447,7
4355,1561.9,98.809,7
4356,1571.2,99.449,7
4357,1577.8,99.908,7
4358,1584.3,100.37,7
4359,1589.4,100.74,7
4360,1593.1,101.02,7
4361,1598.3,101.39,7
4362,1601.9,101.67,7
4363,1607.1,102.05,7
4364,1607.9,102.14,7
4365,1613.1,102.52,7
4366,1613.8,102.61,7
4367,1616,102.8,7
4368,1618.3,102.99,7
4369,1622,103.28,7
4370,1624.3,103.47,7
4371,1629.5,103.85,7
4372,1630.3,103.94,7
4373,1635.5,104.33,7
4374,1637.8,104.52,7
4375,1638.6,104.62,7
4376,1640.8,104.81,7
4377,1643.1,105,7
4378,1646.9,105.29,7
4379,1646.2,105.29,7
4380,1648.4,105.49,7
4381,1650.7,105.68,7
4382,1650,105.68,7
4383,1649.2,105.68,7
4384,1648.5,105.68,7
4385,1647.7,105.68,7
4386,1643.9,105.49,7
4387,1643.2,105.49,7
4388,1642.4,105.49,7
4389,1641.7,105.49,7
4390,1640.9,105.49,7
4391,1637.2,105.29,7
4392,1636.4,105.29,7
4393,1638.7,105.49,7
4394,1637.9,105.49,7
4395,1637.2,105.49,7
4396,1636.5,105.49,7
4397,1635.7,105.49,7
4398,1635,105.49,7
4399,1634.2,105.49,7
4400,1633.5,105.49,7
4401,1632.7,105.49,7
4402,1632,105.49,7
4403,1631.3,105.49,7
4404,1630.5,105.49,7
4405,1626.8,105.29,7
4406,1626,105.29,7
4407,1623.8,105.2,7
4408,1620.1,105,7
4409,1619.4,105,7
4410,1618.6,105,7
4411,1617.9,105,7
4412,1617.1,105,7
4413,1616.4,105,7
4414,1615.7,105,7
4415,1615,105,7
4416,1614.2,105,7
4417,1610.5,104.81,7
4418,1609.8,104.81,7
4419,1606.1,104.62,7
4420,1605.4,104.62,7
4421,1604.6,104.62,7
4422,1603.9,104.62,7
4423,1603.2,104.62,7
4424,1602.5,104.62,7
4425,1601.7,104.62,7
4426,1601,104.62,7
4427,1600.3,104.62,7
4428,1598.1,104.52,7
4429,1597.4,104.52,7
4430,1593.7,104.33,7
4431,1593,104.33,7
4432,1592.3,104.33,7
4433,1591.6,104.33,7
4434,1590.8,104.33,7
4435,1590.1,104.33,7
4436,1589.4,104.33,7
4437,1585.8,104.14,7
4438,1585.1,104.14,7
4439,1584.3,104.14,7
4440,1583.6,104.14,7
4441,1582.9,104.14,7
4442,1582.2,104.14,7
4443,1581.5,104.14,7
4444,1580.8,104.14,7
4445,1580.1,104.14,7
4446,1579.4,104.14,7
4447,1575.7,103.94,7
4448,1575,103.94,7
4449,1572.9,103.85,7
4450,1572.2,103.85,7
4451,1571.5,103.85,7
4452,1570.8,103.85,7
4453,1570.1,103.85,7
4454,1569.3,103.85,7
4455,1568.6,103.85,7
4456,1567.9,103.85,7
4457,1564.4,103.66,7
4458,1563.7,103.66,7
4459,1563,103.66,7
4460,1562.3,103.66,7
4461,1558.7,103.47,7
4462,1558,103.47,7
4463,1557.3,103.47,7
4464,1553.7,103.28,7
4465,1553,103.28,7
4466,1550.9,103.18,7
4467,1550.2,103.18,7
4468,1546.7,102.99,7
4469,1546,102.99,7
4470,1545.3,102.99,7
4471,1541.7,102.8,7
4472,1538.2,102.61,7
4473,1536.1,102.52,7
4474,1535.4,102.52,7
4475,1531.9,102.33,7
4476,1531.2,102.33,7
4477,1530.5,102.33,7
4478,1527,102.14,7
4479,1526.4,102.14,7
4480,1525.7,102.14,7
4481,1523.6,102.05,7
4482,1520.1,101.86,7
4483,1519.4,101.86,7
4484,1516,101.67,7
4485,1515.3,101.67,7
4486,1511.8,101.48,7
4487,1511.2,101.48,7
4488,1510.5,101.48,7
4489,1509.8,101.48,7
4490,1507.7,101.39,7
4491,1504.3,101.2,7
4492,1503.6,101.2,7
4493,1503,101.2,7
4494,1502.3,101.2,7
4495,1501.6,101.2,7
4496,1501,101.2,7
4497,1497.5,101.02,7
4498,1496.9,101.02,7
4499,1496.2,101.02,7
4500,1492.8,100.83,7
4501,1490.7,100.74,7
4502,1490.1,100.74,7
4503,1486.7,100.55,7
4504,1486,100.55,7
4505,1485.4,100.55,7
4506,1482,100.37,7
4507,1481.3,100.37,7
4508,1480.6,100.37,7
4509,1477.3,100.18,7
4510,1476.6,100.18,7
4511,1476,100.18,7
4512,1475.3,100.18,7
4513,1477.4,100.37,7
4514,1476.7,100.37,7
4515,1476.1,100.37,7
4516,1475.4,100.37,7
4517,1474.8,100.37,7
4518,1474.1,100.37,7
4519,1473.4,100.37,7
4520,1475.5,100.55,7
4521,1474.9,100.55,7
4522,1474.2,100.55,7
4523,1473.6,100.55,7
4524,1472.9,100.55,7
4525,1472.3,100.55,7
4526,1474.3,100.74,7
4527,1473.7,100.74,7
4528,1473,100.74,7
4529,1472.4,100.74,7
4530,1471.7,100.74,7
4531,1471.1,100.74,7
4532,1470.4,100.74,7
4533,1467.1,100.55,7
4534,1466.4,100.55,7
4535,1463.1,100.37,7
4536,1459.7,100.18,7
4537,1457.7,100.09,7
4538,1457.1,100.09,7
4539,1456.5,100.09,7
4540,1453.1,99.908,7
4541,1452.5,99.908,7
4542,1451.9,99.908,7
4543,1451.2,99.908,7
4544,1450.6,99.908,7
4545,1450,99.908,7
4546,1452,100.09,7
4547,1451.3,100.09,7
4548,1450.7,100.09,7
4549,1450.1,100.09,7
4550,1446.8,99.908,7
4551,1446.1,99.908,7
4552,1442.8,99.724,7
4553,1442.2,99.724,7
4554,1441.6,99.724,7
4555,1438.3,99.54,7
4556,1436.3,99.449,7
4557,1435.7,99.449,7
4558,1435.1,99.449,7
4559,1431.8,99.266,7
4560,1431.2,99.266,7
4561,1427.9,99.083,7
4562,1426,98.992,7
4563,1422.7,98.809,7
4564,1422.1,98.809,7
4565,1424.1,98.992,7
4566,1423.5,98.992,7
4567,1422.9,98.992,7
4568,1419.6,98.809,7
4569,1419,98.809,7
4570,1418.4,98.809,7
4571,1417.7,98.809,7
4572,1417.1,98.809,7
4573,1413.9,98.628,7
4574,1413.3,98.628,7
4575,1412.7,98.628,7
4576,1409.4,98.447,7
4577,1408.8,98.447,7
4578,1408.2,98.447,7
4579,1407.6,98.447,7
4580,1407,98.447,7
4581,1406.4,98.447,7
4582,1405.8,98.447,7
4583,1405.1,98.447,7
4584,1404.5,98.447,7
4585,1403.9,98.447,7
4586,1402,98.356,7
4587,1398.8,98.174,7
4588,1398.2,98.174,7
4589,1395,97.994,7
4590,1394.4,97.994,7
4591,1390,97.724,7
4592,1389.4,97.724,7
4593,1388.8,97.724,7
4594,1385.6,97.544,7
4595,1385,97.544,7
4596,1384.4,97.544,7
4597,1381.2,97.364,7
4598,1380.6,97.364,7
4599,1380,97.364,7
4600,1379.4,97.364,7
4601,1381.4,97.544,7
4602,1380.8,97.544,7
4603,1380.2,97.544,7
4604,1379.6,97.544,7
4605,1376.5,97.364,7
4606,1375.9,97.364,7
4607,1375.3,97.364,7
4608,1372.1,97.185,7
4609,1374.1,97.364,7
4610,1373.5,97.364,7
4611,1372.9,97.364,7
4612,1369.8,97.185,7
4613,1369.2,97.185,7
4614,1368.6,97.185,7
4615,1368,97.185,7
4616,1367.4,97.185,7
4617,1366.8,97.185,7
4618,1366.2,97.185,7
4619,1364.3,97.096,7
4620,1363.8,97.096,7
4621,1363.2,97.096,7
4622,1362.6,97.096,7
4623,1362,97.096,7
4624,1361.4,97.096,7
4625,1360.8,97.096,7
4626,1360.2,97.096,7
4627,1357.1,96.917,7
4628,1356.5,96.917,7
4629,1356,96.917,7
4630,1355.4,96.917,7
4631,1354.8,96.917,7
4632,1354.2,96.917,7
4633,1353.6,96.917,7
4634,1353,96.917,7
4635,1350,96.739,7
4636,1349.4,96.739,7
4637,1347.6,96.65,7
4638,1344.5,96.472,7
4639,1343.9,96.472,7
4640,1343.3,96.472,7
4641,1342.8,96.472,7
4642,1342.2,96.472,7
4643,1341.6,96.472,7
4644,1341,96.472,7
4645,1340.4,96.472,7
4646,1339.9,96.472,7
4647,1336.8,96.294,7
4648,1336.3,96.294,7
4649,1335.7,96.294,7
4650,1337.6,96.472,7
4651,1337,96.472,7
4652,1336.4,96.472,7
4653,1335.8,96.472,7
4654,1332.8,96.294,7
4655,1332.2,96.294,7
4656,1329.2,96.117,7
4657,1328.6,96.117,7
4658,1326.9,96.029,7
4659,1323.8,95.852,7
4660,1323.3,95.852,7
4661,1322.7,95.852,7
4662,1319.7,95.675,7
4663,1319.1,95.675,7
4664,1318.6,95.675,7
4665,1318,95.675,7
4666,1317.4,95.675,7
4667,1316.9,95.675,7
4668,1316.3,95.675,7
4669,1313.3,95.499,7
4670,1312.8,95.499,7
4671,1311,95.411,7
4672,1308,95.236,7
4673,1307.5,95.236,7
4674,1304.5,95.06,7
4675,1303.9,95.06,7
4676,1303.4,95.06,7
4677,1302.8,95.06,7
4678,1302.3,95.06,7
4679,1301.7,95.06,7
4680,1301.2,95.06,7
4681,1300.6,95.06,7
4682,1296.5,94.798,7
4683,1295.9,94.798,7
4684,1293,94.624,7
4685,1292.4,94.624,7
4686,1289.5,94.449,7
4687,1288.9,94.449,7
4688,1288.4,94.449,7
4689,1287.8,94.449,7
4690,1287.3,94.449,7
4691,1289.1,94.624,7
4692,1288.6,94.624,7
4693,1288,94.624,7
4694,1287.5,94.624,7
4695,1284.5,94.449,7
4696,1286.4,94.624,7
4697,1285.8,94.624,7
4698,1287.6,94.798,7
4699,1287.1,94.798,7
4700,1286.5,94.798,7
4702,1263.2,93.154,13
4704,1262.1,93.154,13
4706,1261,93.154,13
4708,1259.9,93.154,13
4710,1258.9,93.154,13
4712,1257.8,93.154,13
4714,1254.4,92.982,13
4716,1253.3,92.982,13
4718,1252.3,92.982,13
4720,1248.9,92.811,13
4722,1247.9,92.811,13
4724,1243.4,92.555,13
4726,1242.3,92.555,13
4728,1239,92.385,13
4730,1237.9,92.385,13
4732,1234.6,92.215,13
4734,1233.6,92.215,13
4736,1232.5,92.215,13
4738,1231.5,92.215,13
4740,1228.2,92.045,13
4742,1227.1,92.045,13
4744,1225,91.96,13
4746,1224,91.96,13
4748,1220.7,91.791,13
4750,1219.6,91.791,13
4752,1218.6,91.791,13
4754,1215.4,91.622,13
4756,1212.1,91.453,13
4758,1210,91.369,13
4760,1208.9,91.369,13
4762,1205.7,91.201,13
4764,1204.7,91.201,13
4766,1203.7,91.201,13
4768,1202.7,91.201,13
4770,1201.7,91.201,13
4772,1200.7,91.201,13
4774,1199.7,91.201,13
4776,1198.7,91.201,13
4778,1195.4,91.033,13
4780,1194.4,91.033,13
4782,1193.4,91.033,13
4784,1192.4,91.033,13
4786,1188.2,90.782,13
4788,1187.2,90.782,13
4790,1184,90.615,13
4792,1180.8,90.448,13
4794,1178.8,90.365,13
4796,1175.6,90.199,13
4798,1172.5,90.033,13
4800,1168.3,89.784,13
4802,1165.1,89.619,13
4804,1162,89.454,13
4806,1158.9,89.289,13
4808,1154.8,89.043,13
4810,1151.7,88.879,13
4812,1147.5,88.634,13
4814,1142.4,88.308,13
4816,1138.3,88.064,13
4818,1135.2,87.902,13
4820,1132.2,87.741,13
4822,1128.1,87.498,13
4824,1125.1,87.337,13
4826,1121.1,87.096,13
4828,1118.1,86.936,13
4830,1113.1,86.617,13
4832,1109.1,86.377,13
4834,1103.1,85.98,13
4836,1095.1,85.428,13
4838,1090.2,85.114,13
4840,1081.3,84.489,13
4842,1073.4,83.946,13
4844,1065.6,83.406,13
4846,1056,82.718,13
4848,1048.3,82.186,13
4850,1038.8,81.508,13
4852,1030.3,80.909,13
4854,1021,80.242,13
4856,1013.6,79.726,13
4858,1008.1,79.36,13
4860,1000.8,78.85,13
4862,997.22,78.632,13
4864,997.31,78.704,13
4866,996.49,78.704,13
4868,997.51,78.85,13
4870,1003.1,79.36,13
4872,1006.9,79.726,13
4874,1012.6,80.242,13
4876,1020.2,80.909,13
4878,1026,81.433,13
4880,1034.6,82.186,13
4882,1038.5,82.566,13
4884,1043.4,83.023,13
4886,1047.4,83.406,13
4888,1051.4,83.791,13
4890,1052.4,83.946,13
4892,1054.5,84.178,13
4894,1055.6,84.333,13
4896,1056.7,84.489,13
4898,1058.7,84.723,13
4900,1057.9,84.723,13
4902,1058.9,84.879,13
4904,1060,85.035,13
4906,1060.1,85.114,13
4908,1061.2,85.271,13
4910,1060.4,85.271,13
4912,1061.5,85.428,13
4914,1060.6,85.428,13
4916,1061.7,85.585,13
4918,1061.8,85.664,13
4920,1060.9,85.664,13
4922,1060.1,85.664,13
4924,1059.2,85.664,13
4926,1058.4,85.664,13
4928,1057.5,85.664,13
4930,1056.6,85.664,13
4932,1055.8,85.664,13
4934,1054.9,85.664,13
4936,1054.1,85.664,13
4938,1053.2,85.664,13
4940,1052.4,85.664,13
4942,1051.5,85.664,13
4944,1050.7,85.664,13
4946,1049.8,85.664,13
4948,1049,85.664,13
4950,1048.1,85.664,13
4952,1047.3,85.664,13
4954,1046.4,85.664,13
4956,1045.6,85.664,13
4958,1044.7,85.664,13
4960,1043.9,85.664,13
4962,1043.1,85.664,13
4964,1041.3,85.585,13
4966,1038.5,85.428,13
4968,1037.7,85.428,13
4970,1036.8,85.428,13
4972,1034.1,85.271,13
4974,1033.3,85.271,13
4976,1030.5,85.114,13
4978,1029.7,85.114,13
4980,1027.9,85.035,13
4982,1025.2,84.879,13
4984,1024.4,84.879,13
4986,1023.6,84.879,13
4988,1022.7,84.879,13
4990,1020,84.723,13
4992,1019.2,84.723,13
4994,1018.4,84.723,13
4996,1015.7,84.567,13
4998,1014,84.489,13
5000,1013.2,84.489,13
5002,1017,84.879,13
5004,1016.2,84.879,13
5006,1015.4,84.879,13
5008,1014.6,84.879,13
5010,1013.8,84.879,13
5012,1011.1,84.723,13
5014,1010.3,84.723,13
5016,1009.5,84.723,13
5018,1008.7,84.723,13
5020,1005.1,84.489,13
5022,1004.3,84.489,13
5024,1001.7,84.333,13
5026,999.02,84.178,13
5028,998.23,84.178,13
5030,995.6,84.023,13
5032,993.89,83.946,13
5034,993.1,83.946,13
5036,992.31,83.946,13
5038,989.7,83.791,13
5040,987.1,83.637,13
5042,986.31,83.637,13
5044,984.62,83.56,13
5046,982.03,83.406,13
5048,979.45,83.253,13
5050,978.67,83.253,13
5052,976.1,83.1,13
5054,974.43,83.023,13
5056,973.66,83.023,13
5058,971.09,82.87,13
5060,970.33,82.87,13
5062,967.78,82.718,13
5064,967.01,82.718,13
5066,966.25,82.718,13
5068,963.71,82.566,13
5070,962.06,82.49,13
5072,961.31,82.49,13
5074,960.55,82.49,13
5076,959.79,82.49,13
5078,959.03,82.49,13
5080,956.52,82.338,13
5082,955.77,82.338,13
5084,955.01,82.338,13
5086,952.5,82.186,13
5088,951.76,82.186,13
5090,948.38,81.959,13
5092,947.64,81.959,13
5094,946.9,81.959,13
5096,944.41,81.808,13
5098,943.67,81.808,13
5100,941.19,81.658,13
5102,940.46,81.658,13
5104,939.72,81.658,13
5106,938.98,81.658,13
5108,938.25,81.658,13
5110,935.79,81.508,13
5112,935.06,81.508,13
5114,933.47,81.433,13
5116,932.74,81.433,13
5118,932.01,81.433,13
5120,929.57,81.283,13
5122,928.84,81.283,13
5124,928.12,81.283,13
5126,925.68,81.133,13
5128,924.96,81.133,13
5130,924.24,81.133,13
5132,923.52,81.133,13
5134,922.8,81.133,13
5136,922.08,81.133,13
5138,921.36,81.133,13
5140,919.8,81.059,13
5142,919.09,81.059,13
5144,916.68,80.909,13
5146,915.97,80.909,13
5148,915.26,80.909,13
5150,914.55,80.909,13
5152,913,80.835,13
5154,912.29,80.835,13
5156,911.58,80.835,13
5158,910.03,80.76,13
5160,909.33,80.76,13
5162,907.79,80.686,13
5164,907.09,80.686,13
5166,905.55,80.612,13
5168,904.85,80.612,13
5170,903.32,80.538,13
5172,902.62,80.538,13
5174,901.09,80.464,13
5176,899.56,80.389,13
5178,898.87,80.389,13
5180,897.35,80.316,13
5182,896.66,80.316,13
5184,895.14,80.242,13
5186,893.63,80.168,13
5188,892.94,80.168,13
5190,891.42,80.094,13
5192,889.92,80.02,13
5194,888.42,79.947,13
5196,887.73,79.947,13
5198,886.23,79.873,13
5200,884.74,79.8,13
5202,883.24,79.726,13
5204,882.56,79.726,13
5206,881.07,79.652,13
5208,879.58,79.579,13
5210,878.1,79.506,13
5212,877.43,79.506,13
5214,875.14,79.36,13
5216,874.47,79.36,13
5218,872.19,79.214,13
5220,871.53,79.214,13
5222,869.25,79.068,13
5224,867.79,78.995,13
5226,867.13,78.995,13
5228,866.46,78.995,13
5230,864.2,78.85,13
5232,861.95,78.704,13
5234,861.29,78.704,13
5236,859.85,78.632,13
5238,857.61,78.487,13
5240,855.38,78.343,13
5242,854.72,78.343,13
5244,852.5,78.199,13
5246,851.85,78.199,13
5248,850.42,78.127,13
5250,848.21,77.983,13
5252,847.56,77.983,13
5254,846.92,77.983,13
5256,846.27,77.983,13
5258,844.07,77.839,13
5260,843.43,77.839,13
5262,842.79,77.839,13
5264,842.15,77.839,13
5266,841.51,77.839,13
5268,840.87,77.839,13
5270,840.23,77.839,13
5272,839.59,77.839,13
5274,837.41,77.696,13
5276,836.01,77.625,13
5278,833.84,77.482,13
5280,833.21,77.482,13
5282,831.04,77.339,13
5284,828.89,77.197,13
5286,827.5,77.126,13
5288,825.35,76.984,13
5290,823.21,76.842,13
5292,822.58,76.842,13
5294,821.21,76.772,13
5296,819.08,76.63,13
5298,818.46,76.63,13
5300,816.34,76.489,13
5302,815.72,76.489,13
5304,813.6,76.348,13
5306,812.99,76.348,13
5308,811.63,76.278,13
5310,811.02,76.278,13
5312,808.92,76.138,13
5314,808.31,76.138,13
5316,807.7,76.138,13
5318,807.09,76.138,13
5320,806.49,76.138,13
5322,805.88,76.138,13
5324,805.27,76.138,13
5326,803.19,75.998,13
5328,802.59,75.998,13
5330,801.98,75.998,13
5332,799.91,75.858,13
5334,799.31,75.858,13
5336,797.97,75.788,13
5338,795.91,75.648,13
5340,795.31,75.648,13
5342,793.26,75.509,13
5344,792.66,75.509,13
5346,790.61,75.37,13
5348,789.29,75.301,13
5350,788.7,75.301,13
5352,786.66,75.162,13
5354,786.07,75.162,13
5356,784.04,75.024,13
5358,783.46,75.024,13
5360,781.43,74.886,13
5362,780.85,74.886,13
5364,779.55,74.817,13
5366,778.97,74.817,13
5368,778.38,74.817,13
5370,777.81,74.817,13
5372,775.8,74.679,13
5374,775.22,74.679,13
5376,774.64,74.679,13
5378,772.64,74.542,13
5380,772.07,74.542,13
5382,771.5,74.542,13
5384,770.21,74.473,13
5386,769.64,74.473,13
5388,767.66,74.336,13
5390,767.09,74.336,13
5392,766.52,74.336,13
5394,765.95,74.336,13
5396,763.97,74.199,13
5398,763.4,74.199,13
5400,762.84,74.199,13
5402,760.87,74.063,13
5404,760.31,74.063,13
5406,759.75,74.063,13
5408,758.48,73.995,13
5410,757.93,73.995,13
5412,755.97,73.858,13
5414,755.41,73.858,13
5416,754.85,73.858,13
5418,752.91,73.722,13
5420,752.35,73.722,13
5422,751.8,73.722,13
5424,749.86,73.587,13
5426,749.31,73.587,13
5428,748.07,73.519,13
5430,747.52,73.519,13
5432,746.97,73.519,13
5434,746.42,73.519,13
5436,744.5,73.384,13
5438,743.95,73.384,13
5440,743.4,73.384,13
5442,741.49,73.249,13
5444,740.94,73.249,13
5446,739.04,73.114,13
5448,737.81,73.047,13
5450,737.27,73.047,13
5452,735.37,72.912,13
5454,734.83,72.912,13
5456,732.94,72.778,13
5458,732.41,72.778,13
5460,730.53,72.644,13
5462,729.32,72.577,13
5464,727.45,72.444,13
5466,726.91,72.444,13
5468,725.04,72.31,13
5470,724.51,72.31,13
5472,723.31,72.244,13
5474,721.46,72.111,13
5476,720.93,72.111,13
5478,719.08,71.978,13
5480,718.55,71.978,13
5482,718.03,71.978,13
5484,716.19,71.845,13
5486,715.66,71.845,13
5488,715.14,71.845,13
5490,713.96,71.779,13
5492,712.13,71.647,13
5494,711.61,71.647,13
5496,711.1,71.647,13
5498,709.27,71.516,13
5500,708.76,71.516,13
5502,706.94,71.384,13
5504,705.77,71.318,13
5506,705.26,71.318,13
5508,704.74,71.318,13
5510,702.94,71.187,13
5512,702.43,71.187,13
5514,701.92,71.187,13
5516,700.12,71.056,13
5518,699.61,71.056,13
5520,699.1,71.056,13
5522,698.6,71.056,13
5524,696.81,70.925,13
5526,696.3,70.925,13
5528,695.16,70.86,13
5530,694.66,70.86,13
5532,694.15,70.86,13
5534,692.38,70.729,13
5536,691.88,70.729,13
5538,690.11,70.599,13
5540,689.61,70.599,13
5542,689.11,70.599,13
5544,687.34,70.469,13
5546,686.21,70.404,13
5548,684.46,70.275,13
5550,683.97,70.275,13
5552,682.21,70.145,13
5554,681.72,70.145,13
5556,680.6,70.081,13
5558,678.86,69.952,13
5560,678.38,69.952,13
5562,677.89,69.952,13
5564,677.4,69.952,13
5566,676.91,69.952,13
5568,676.43,69.952,13
5570,675.94,69.952,13
5572,675.46,69.952,13
5574,673.73,69.823,13
5576,673.25,69.823,13
5578,672.77,69.823,13
5580,671.05,69.695,13
5582,670.57,69.695,13
5584,670.09,69.695,13
5586,669.61,69.695,13
5588,669.13,69.695,13
5590,668.03,69.63,13
5592,666.32,69.502,13
5594,665.85,69.502,13
5596,665.37,69.502,13
5598,663.67,69.375,13
5600,663.2,69.375,13
5602,661.51,69.247,13
5604,660.42,69.183,13
5606,659.95,69.183,13
5608,659.48,69.183,13
5610,657.8,69.056,13
5612,657.33,69.056,13
5614,655.66,68.929,13
5616,655.19,68.929,13
5618,652.91,68.738,13
5620,652.45,68.738,13
5622,650.79,68.612,13
5624,650.32,68.612,13
5626,648.67,68.486,13
5628,647.61,68.423,13
5630,645.96,68.296,13
5632,645.5,68.296,13
5634,643.85,68.171,13
5636,643.4,68.171,13
5638,642.94,68.171,13
5640,641.3,68.046,13
5642,640.85,68.046,13
5644,640.39,68.046,13
5646,639.94,68.046,13
5648,638.9,67.983,13
5650,638.44,67.983,13
5652,636.82,67.858,13
5654,636.37,67.858,13
5656,635.92,67.858,13
5658,635.47,67.858,13
5660,633.85,67.733,13
5662,633.4,67.733,13
5664,632.96,67.733,13
5666,631.35,67.608,13
5668,630.9,67.608,13
5670,630.46,67.608,13
5672,629.43,67.546,13
5674,627.83,67.421,13
5676,627.38,67.421,13
5678,626.94,67.421,13
5680,625.35,67.298,13
5682,624.91,67.298,13
5684,624.47,67.298,13
5686,622.88,67.174,13
5688,621.87,67.112,13
5690,621.44,67.112,13
5692,619.85,66.988,13
5694,619.42,66.988,13
5696,617.85,66.865,13
5698,617.41,66.865,13
5700,616.98,66.865,13
5702,615.41,66.742,13
5704,614.98,66.742,13
5706,613.98,66.681,13
5708,613.55,66.681,13
5710,613.12,66.681,13
5712,611.57,66.558,13
5714,611.14,66.558,13
5716,610.71,66.558,13
5718,609.16,66.435,13
5720,608.73,66.435,13
5722,608.31,66.435,13
5724,607.33,66.374,13
5726,605.78,66.252,13
5728,605.36,66.252,13
5730,603.82,66.13,13
5732,603.4,66.13,13
5734,602.98,66.13,13
5736,602.56,66.13,13
5738,601.03,66.008,13
5740,600.61,66.008,13
5742,600.2,66.008,13
5744,599.78,66.008,13
5746,598.81,65.948,13
5748,597.29,65.826,13
5750,596.88,65.826,13
5752,596.46,65.826,13
5754,594.95,65.705,13
5756,594.54,65.705,13
5758,594.12,65.705,13
5760,592.62,65.584,13
5762,592.21,65.584,13
5764,591.25,65.524,13
5766,590.84,65.524,13
5768,589.34,65.403,13
5770,588.94,65.403,13
5772,588.53,65.403,13
5774,587.04,65.283,13
5776,586.63,65.283,13
5778,585.15,65.163,13
5780,584.74,65.163,13
5782,583.8,65.103,13
5784,583.4,65.103,13
5786,582.99,65.103,13
5788,581.52,64.983,13
5790,581.12,64.983,13
5792,580.71,64.983,13
5794,579.24,64.863,13
5796,578.85,64.863,13
5798,578.45,64.863,13
5800,578.05,64.863,13
5802,576.59,64.744,13
5804,576.19,64.744,13
5806,575.26,64.685,13
5808,574.87,64.685,13
5810,574.47,64.685,13
5812,574.08,64.685,13
5814,572.63,64.565,13
5816,572.23,64.565,13
5818,571.84,64.565,13
5820,570.39,64.446,13
5822,570,64.446,13
5824,569.61,64.446,13
5826,568.7,64.387,13
5828,568.3,64.387,13
5830,566.87,64.269,13
5832,566.48,64.269,13
5834,566.09,64.269,13
5836,564.66,64.15,13
5838,564.28,64.15,13
5840,563.89,64.15,13
5842,562.47,64.032,13
5844,562.08,64.032,13
5846,561.18,63.973,13
5848,559.77,63.856,13
5850,559.38,63.856,13
5852,559,63.856,13
5854,558.62,63.856,13
5856,558.24,63.856,13
5858,557.86,63.856,13
5860,556.45,63.738,13
5862,556.07,63.738,13
5864,555.69,63.738,13
5866,555.31,63.738,13
5868,553.91,63.621,13
5870,553.53,63.621,13
5872,552.65,63.562,13
5874,552.27,63.562,13
5876,551.9,63.562,13
5878,550.51,63.445,13
5880,550.13,63.445,13
5882,549.76,63.445,13
5884,550.4,63.562,13
5886,550.02,63.562,13
5888,549.65,63.562,13
5890,549.28,63.562,13
5892,548.9,63.562,13
5894,548.53,63.562,13
5896,547.15,63.445,13
5898,546.78,63.445,13
5900,545.4,63.329,13
5902,545.03,63.329,13
5904,543.16,63.154,13
5906,542.79,63.154,13
5908,541.43,63.038,13
5910,540.06,62.922,13
5912,539.7,62.922,13
5914,538.34,62.806,13
5916,537.48,62.748,13
5918,537.12,62.748,13
5920,535.77,62.633,13
5922,535.41,62.633,13
5924,535.05,62.633,13
5926,533.7,62.517,13
5928,533.34,62.517,13
5930,532.49,62.46,13
5932,532.13,62.46,13
5934,530.79,62.345,13
5936,530.44,62.345,13
5938,530.08,62.345,13
5940,529.72,62.345,13
5942,528.39,62.23,13
5944,528.04,62.23,13
5946,526.71,62.115,13
5948,526.35,62.115,13
5950,525.52,62.058,13
5952,524.2,61.944,13
5954,523.85,61.944,13
5956,523.49,61.944,13
5958,522.18,61.83,13
5960,521.83,61.83,13
5962,521.48,61.83,13
5964,520.17,61.716,13
5966,519.82,61.716,13
5968,518.99,61.659,13
5970,518.65,61.659,13
5972,518.3,61.659,13
5974,517.95,61.659,13
5976,517.61,61.659,13
5978,516.31,61.546,13
5980,515.96,61.546,13
5982,515.62,61.546,13
5984,514.33,61.433,13
5986,513.98,61.433,13
5988,512.69,61.32,13
5990,511.88,61.263,13
5992,511.54,61.263,13
5994,511.2,61.263,13
5996,509.91,61.15,13
5998,509.57,61.15,13
6000,509.23,61.15,13
6002,508.9,61.15,13
6004,508.56,61.15,13
6006,507.28,61.038,13
6008,506.95,61.038,13
6010,506.61,61.038,13
6012,505.81,60.982,13
6014,505.47,60.982,13
6016,504.2,60.869,13
6018,503.87,60.869,13
6020,503.53,60.869,13
6022,503.2,60.869,13
6024,501.94,60.757,13
6026,501.61,60.757,13
6028,500.35,60.646,13
6030,500.02,60.646,13
6032,499.69,60.646,13
6034,498.9,60.59,13
6036,497.65,60.478,13
6038,497.32,60.478,13
6040,496.99,60.478,13
6042,495.75,60.367,13
6044,495.42,60.367,13
6046,495.09,60.367,13
6048,494.76,60.367,13
6050,494.44,60.367,13
6052,494.11,60.367,13
6054,493.78,60.367,13
6056,492.55,60.256,13
6058,492.22,60.256,13
6060,491.44,60.2,13
6062,490.22,60.09,13
6064,489.89,60.09,13
6066,488.67,59.979,13
6068,488.35,59.979,13
6070,487.13,59.869,13
6072,486.81,59.869,13
6074,486.04,59.814,13
6076,485.72,59.814,13
6078,485.4,59.814,13
6080,484.19,59.703,13
6082,483.87,59.703,13
6084,483.55,59.703,13
6086,483.23,59.703,13
6088,482.03,59.594,13
6090,481.71,59.594,13
6092,481.39,59.594,13
6094,480.19,59.484,13
6096,479.43,59.429,13
6098,479.12,59.429,13
6100,478.81,59.429,13
6102,477.61,59.32,13
6104,477.3,59.32,13
6106,476.99,59.32,13
6108,476.67,59.32,13
6110,475.49,59.211,13
6112,475.18,59.211,13
6114,474.86,59.211,13
6116,474.12,59.156,13
6118,473.81,59.156,13
6120,472.63,59.047,13
6122,472.32,59.047,13
6124,472.01,59.047,13
6126,471.7,59.047,13
6128,471.39,59.047,13
6130,471.09,59.047,13
6132,469.91,58.939,13
6134,469.61,58.939,13
6136,469.3,58.939,13
6138,468.13,58.83,13
6140,467.83,58.83,13
6142,467.52,58.83,13
6144,466.79,58.776,13
6146,466.48,58.776,13
6148,465.32,58.668,13
6150,465.02,58.668,13
6152,464.72,58.668,13
6154,463.56,58.56,13
6156,463.26,58.56,13
6158,462.96,58.56,13
6160,461.81,58.452,13
6162,461.51,58.452,13
6164,460.78,58.398,13
6166,460.48,58.398,13
6168,459.34,58.291,13
6170,459.04,58.291,13
6172,458.74,58.291,13
6174,458.45,58.291,13
6176,457.3,58.183,13
6178,457.01,58.183,13
6180,455.87,58.076,13
6182,455.16,58.023,13
6184,454.86,58.023,13
6186,453.73,57.916,13
6188,453.44,57.916,13
6190,452.31,57.809,13
6192,452.02,57.809,13
6194,450.9,57.703,13
6196,450.61,57.703,13
6198,449.9,57.65,13
6200,449.61,57.65,13
6202,449.32,57.65,13
6204,449.03,57.65,13
6206,447.92,57.544,13
6208,447.63,57.544,13
6210,446.52,57.438,13
6212,446.23,57.438,13
6214,445.53,57.385,13
6216,444.43,57.28,13
6218,444.14,57.28,13
6220,443.04,57.174,13
6222,442.75,57.174,13
6224,442.47,57.174,13
6226,441.37,57.069,13
6228,441.09,57.069,13
6230,440.8,57.069,13
6232,440.52,57.069,13
6234,439.83,57.016,13
6236,439.55,57.016,13
6238,439.27,57.016,13
6240,438.99,57.016,13
6242,437.9,56.911,13
6244,437.62,56.911,13
6246,437.34,56.911,13
6248,436.25,56.807,13
6250,435.97,56.807,13
6252,435.7,56.807,13
6254,434.61,56.702,13
6256,433.94,56.65,13
6258,433.66,56.65,13
6260,433.38,56.65,13
6262,432.31,56.546,13
6264,432.03,56.546,13
6266,431.76,56.546,13
6268,430.69,56.441,13
6270,429.62,56.338,13
6272,428.95,56.286,13
6274,427.89,56.182,13
6276,427.62,56.182,13
6278,426.56,56.079,13
6280,426.29,56.079,13
6282,425.23,55.976,13
6284,424.57,55.924,13
6286,424.3,55.924,13
6288,424.03,55.924,13
6290,423.76,55.924,13
6292,423.49,55.924,13
6294,422.44,55.821,13
6296,422.17,55.821,13
6298,421.9,55.821,13
6300,420.86,55.718,13
6302,420.59,55.718,13
6304,419.94,55.667,13
6306,419.67,55.667,13
6308,418.64,55.565,13
6310,418.37,55.565,13
6312,418.11,55.565,13
6314,417.84,55.565,13
6316,416.81,55.463,13
6318,416.54,55.463,13
6320,416.28,55.463,13
6322,416.02,55.463,13
6324,414.99,55.361,13
6326,414.73,55.361,13
6328,414.47,55.361,13
6330,414.2,55.361,13
6332,413.94,55.361,13
6334,413.3,55.31,13
6336,413.04,55.31,13
6338,412.02,55.208,13
6340,411.76,55.208,13
6342,411.5,55.208,13
6344,410.48,55.106,13
6346,410.22,55.106,13
6348,409.96,55.106,13
6350,408.95,55.005,13
6352,408.32,54.954,13
6354,408.06,54.954,13
6356,407.05,54.853,13
6358,406.8,54.853,13
6360,405.79,54.752,13
6362,405.54,54.752,13
6364,405.28,54.752,13
6366,404.28,54.651,13
6368,404.03,54.651,13
6370,403.41,54.601,13
6372,403.15,54.601,13
6374,402.9,54.601,13
6376,402.65,54.601,13
6378,402.39,54.601,13
6380,401.4,54.5,13
6382,401.15,54.5,13
6384,400.9,54.5,13
6386,400.65,54.5,13
6388,399.66,54.4,13
6390,399.41,54.4,13
6392,399.16,54.4,13
6394,398.54,54.35,13
6396,397.56,54.25,13
6398,397.31,54.25,13
6400,396.33,54.15,13
6402,396.08,54.15,13
6404,395.84,54.15,13
6406,395.59,54.15,13
6408,395.34,54.15,13
6410,395.1,54.15,13
6412,394.12,54.05,13
6414,393.88,54.05,13
6416,393.63,54.05,13
6418,393.39,54.05,13
6420,392.78,54.001,13
6422,392.54,54.001,13
6424,391.57,53.901,13
6426,391.33,53.901,13
6428,391.08,53.901,13
6430,390.84,53.901,13
6432,390.6,53.901,13
6434,389.63,53.802,13
6436,389.39,53.802,13
6438,389.15,53.802,13
6440,388.91,53.802,13
6442,388.67,53.802,13
6444,387.71,53.703,13
6446,387.47,53.703,13
6448,387.23,53.703,13
6450,386.99,53.703,13
6452,386.39,53.654,13
6454,385.45,53.555,13
6456,385.21,53.555,13
6458,384.26,53.456,13
6460,384.02,53.456,13
6462,383.08,53.358,13
6464,382.49,53.309,13
6466,382.25,53.309,13
6468,381.31,53.211,13
6470,381.08,53.211,13
6472,380.14,53.113,13
6474,379.9,53.113,13
6476,379.67,53.113,13
6478,378.74,53.015,13
6480,378.16,52.966,13
6482,377.92,52.966,13
6484,376.99,52.869,13
6486,376.07,52.771,13
6488,375.84,52.771,13
6490,375.26,52.723,13
6492,374.34,52.626,13
6494,373.42,52.529,13
6496,372.5,52.432,13
6498,371.93,52.384,13
6500,371.02,52.288,13
6502,370.11,52.192,13
6504,368.86,52.048,13
6506,367.28,51.856,13
6508,366.04,51.713,13
6510,365.14,51.618,13
6512,363.24,51.381,13
6514,361.68,51.192,13
6516,360.46,51.051,13
6518,358.92,50.863,13
6520,357.71,50.722,13
6522,356.17,50.536,13
6524,354.97,50.396,13
6526,354.1,50.304,13
6528,352.91,50.165,13
6530,351.39,49.981,13
6532,350.21,49.842,13
6534,348.71,49.659,13
6536,346.89,49.431,13
6538,345.72,49.295,13
6540,344.24,49.113,13
6542,341.82,48.798,13
6544,340.04,48.574,13
6546,338.27,48.35,13
6548,335.89,48.04,13
6550,333.53,47.731,13
6552,331.19,47.424,13
6554,329.46,47.206,13
6556,327.15,46.903,13
6558,324.84,46.601,13
6560,323.45,46.43,13
6562,322.37,46.302,13
6564,320.69,46.089,13
6566,319.9,46.004,13
6568,319.71,46.004,13
6570,318.93,45.92,13
6572,319.91,46.089,13
6574,320.01,46.132,13
6576,320.99,46.302,13
6578,321.69,46.43,13
6580,323.27,46.687,13
6582,324.57,46.903,13
6584,325.87,47.119,13
6586,327.17,47.337,13
6588,328.18,47.512,13
6590,329.5,47.731,13
6592,330.82,47.951,13
6594,332.14,48.173,13
6596,333.16,48.35,13
6598,333.88,48.484,13
6600,334.91,48.663,13
6602,335.64,48.798,13
6604,336.67,48.978,13
6606,338.02,49.204,13
6608,338.75,49.34,13
6610,339.17,49.431,13
6612,340.22,49.613,13
6614,340.95,49.751,13
6616,341.37,49.842,13
6618,341.48,49.888,13
6620,341.91,49.981,13
6622,341.7,49.981,13
6624,342.12,50.073,13
6626,341.92,50.073,13
6628,342.34,50.165,13
6630,342.13,50.165,13
6632,341.92,50.165,13
6634,341.72,50.165,13
6636,341.51,50.165,13
6638,341.31,50.165,13
6640,341.1,50.165,13
6642,340.9,50.165,13
6644,340.69,50.165,13
6646,340.49,50.165,13
6648,340.28,50.165,13
6650,340.08,50.165,13
6652,339.87,50.165,13
6654,339.67,50.165,13
6656,339.46,50.165,13
6658,339.26,50.165,13
6660,339.06,50.165,13
6662,338.85,50.165,13
6664,338.03,50.073,13
6666,337.82,50.073,13
6668,337.62,50.073,13
6670,337.42,50.073,13
6672,337.22,50.073,13
6674,336.4,49.981,13
6676,336.19,49.981,13
6678,335.99,49.981,13
6680,335.17,49.888,13
6682,334.97,49.888,13
6684,334.46,49.842,13
6686,334.26,49.842,13
6688,334.06,49.842,13
6690,333.25,49.751,13
6692,333.05,49.751,13
6694,332.85,49.751,13
6696,332.65,49.751,13
6698,331.84,49.659,13
6700,331.64,49.659,13
6702,331.45,49.659,13
6704,330.94,49.613,13
6706,330.14,49.522,13
6708,329.94,49.522,13
6710,329.74,49.522,13
6712,328.94,49.431,13
6714,328.74,49.431,13
6716,327.94,49.34,13
6718,327.75,49.34,13
6720,327.55,49.34,13
6722,327.06,49.295,13
6724,326.86,49.295,13
6726,326.07,49.204,13
6728,325.87,49.204,13
6730,325.68,49.204,13
6732,325.49,49.204,13
6734,324.69,49.113,13
6736,324.5,49.113,13
6738,324.31,49.113,13
6740,324.12,49.113,13
6742,323.92,49.113,13
6744,323.73,49.113,13
6746,323.54,49.113,13
6748,323.35,49.113,13
6750,323.16,49.113,13
6752,322.37,49.023,13
6754,321.88,48.978,13
6756,321.69,48.978,13
6758,321.5,48.978,13
6760,320.72,48.888,13
6762,320.53,48.888,13
6764,319.75,48.798,13
6766,319.56,48.798,13
6768,319.37,48.798,13
6770,318.6,48.708,13
6772,318.41,48.708,13
6774,318.22,48.708,13
6776,318.03,48.708,13
6778,317.85,48.708,13
6780,317.66,48.708,13
6782,317.47,48.708,13
6784,317.29,48.708,13
6786,317.1,48.708,13
6788,316.91,48.708,13
6790,316.43,48.663,13
6792,316.25,48.663,13
6794,316.06,48.663,13
6796,315.29,48.574,13
6798,315.11,48.574,13
6800,314.92,48.574,13
6802,314.16,48.484,13
6804,313.97,48.484,13
6806,313.5,48.44,13
6808,312.74,48.35,13
6810,312.55,48.35,13
6812,311.8,48.261,13
6814,311.61,48.261,13
6816,311.43,48.261,13
6818,311.25,48.261,13
6820,311.07,48.261,13
6822,310.88,48.261,13
6824,310.7,48.261,13
6826,310.52,48.261,13
6828,310.34,48.261,13
6830,310.16,48.261,13
6832,309.4,48.173,13
6834,309.22,48.173,13
6836,309.04,48.173,13
6838,308.86,48.173,13
6840,308.68,48.173,13
6842,308.22,48.128,13
6844,308.04,48.128,13
6846,307.57,48.084,13
6848,307.39,48.084,13
6850,306.93,48.04,13
6852,306.75,48.04,13
6854,306.57,48.04,13
6856,306.11,47.995,13
6858,305.93,47.995,13
6860,305.47,47.951,13
6862,305.29,47.951,13
6864,305.12,47.951,13
6866,304.66,47.907,13
6868,304.48,47.907,13
6870,304.02,47.863,13
6872,303.85,47.863,13
6874,303.39,47.819,13
6876,303.21,47.819,13
6878,303.04,47.819,13
6880,302.58,47.775,13
6882,302.41,47.775,13
6884,301.95,47.731,13
6886,301.78,47.731,13
6888,301.32,47.687,13
6890,301.15,47.687,13
6892,300.7,47.643,13
6894,300.52,47.643,13
6896,300.07,47.599,13
6898,299.9,47.599,13
6900,299.45,47.555,13
6902,299,47.512,13
6904,298.83,47.512,13
6906,298.38,47.468,13
6908,298.21,47.468,13
6910,297.76,47.424,13
6912,297.59,47.424,13
6914,297.14,47.381,13
6916,296.69,47.337,13
6918,296.52,47.337,13
6920,296.08,47.293,13
6922,295.91,47.293,13
6924,295.47,47.25,13
6926,295.02,47.206,13
6928,294.85,47.206,13
6930,294.41,47.163,13
6932,293.97,47.119,13
6934,293.8,47.119,13
6936,293.36,47.076,13
6938,292.92,47.033,13
6940,292.75,47.033,13
6942,292.31,46.989,13
6944,291.88,46.946,13
6946,291.44,46.903,13
6948,291.27,46.903,13
6950,290.84,46.86,13
6952,290.4,46.816,13
6954,289.7,46.73,13
6956,289.54,46.73,13
6958,289.37,46.73,13
6960,289.2,46.73,13
6962,289.04,46.73,13
6964,288.6,46.687,13
6966,287.91,46.601,13
6968,287.74,46.601,13
6970,287.05,46.516,13
6972,286.88,46.516,13
6974,286.19,46.43,13
6976,285.76,46.387,13
6978,285.6,46.387,13
6980,284.91,46.302,13
6982,284.75,46.302,13
6984,284.06,46.217,13
6986,283.9,46.217,13
6988,283.74,46.217,13
6990,283.05,46.132,13
6992,282.89,46.132,13
6994,282.73,46.132,13
6996,282.31,46.089,13
6998,282.41,46.132,13
7000,282.24,46.132,13
7002,282.08,46.132,13
7004,281.92,46.132,13
7006,281.76,46.132,13
7008,281.6,46.132,13
7010,281.44,46.132,13
7012,281.28,46.132,13
7014,281.12,46.132,13
7016,280.7,46.089,13
7018,280.54,46.089,13
7020,280.38,46.089,13
7022,279.7,46.004,13
7024,279.54,46.004,13
7026,278.87,45.92,13
7028,278.71,45.92,13
7030,278.04,45.835,13
7032,277.63,45.793,13
7034,276.96,45.709,13
7036,276.8,45.709,13
7038,276.13,45.625,13
7040,275.98,45.625,13
7042,275.57,45.583,13
7044,274.9,45.499,13
7046,274.75,45.499,13
7048,274.59,45.499,13
7050,273.93,45.415,13
7052,273.78,45.415,13
7054,273.62,45.415,13
7056,273.47,45.415,13
7058,273.31,45.415,13
7060,273.16,45.415,13
7062,273,45.415,13
7064,272.85,45.415,13
7066,272.69,45.415,13
7068,272.54,45.415,13
7070,272.38,45.415,13
7072,271.73,45.331,13
7074,271.57,45.331,13
7076,271.42,45.331,13
7078,271.02,45.29,13
7080,270.37,45.206,13
7082,270.21,45.206,13
7084,270.06,45.206,13
7086,269.41,45.123,13
7088,269.26,45.123,13
7090,268.61,45.04,13
7092,268.21,44.999,13
7094,268.06,44.999,13
7096,267.91,44.999,13
7098,267.27,44.916,13
7100,267.12,44.916,13
7102,266.48,44.833,13
7104,266.33,44.833,13
7106,266.18,44.833,13
7108,265.54,44.751,13
7110,265.39,44.751,13
7112,265,44.71,13
7114,264.85,44.71,13
7116,264.7,44.71,13
7118,264.55,44.71,13
7120,264.4,44.71,13
7122,264.25,44.71,13
7124,264.1,44.71,13
7126,263.95,44.71,13
7128,263.81,44.71,13
7130,263.17,44.627,13
7132,263.03,44.627,13
7134,262.88,44.627,13
7136,262.73,44.627,13
7138,262.1,44.545,13
7140,261.95,44.545,13
7142,261.81,44.545,13
7144,261.66,44.545,13
7146,261.51,44.545,13
7148,260.89,44.463,13
7150,260.74,44.463,13
7152,260.36,44.422,13
7154,260.21,44.422,13
7156,260.06,44.422,13
7158,259.44,44.34,13
7160,258.82,44.259,13
7162,258.67,44.259,13
7164,258.53,44.259,13
7166,258.15,44.218,13
7168,257.53,44.137,13
7170,257.38,44.137,13
7172,257.24,44.137,13
7174,257.1,44.137,13
7176,256.48,44.055,13
7178,256.34,44.055,13
7180,256.2,44.055,13
7182,256.05,44.055,13
7184,255.91,44.055,13
7186,255.77,44.055,13
7188,255.15,43.974,13
7190,255.01,43.974,13
7192,254.87,43.974,13
7194,254.73,43.974,13
7196,254.59,43.974,13
7198,254.21,43.934,13
7200,253.6,43.853,13
7202,253.46,43.853,13
7204,253.32,43.853,13
7206,253.18,43.853,13
7208,252.58,43.772,13
7210,252.43,43.772,13
7212,251.83,43.692,13
7214,251.46,43.652,13
7216,251.32,43.652,13
7218,250.72,43.571,13
7220,250.58,43.571,13
7222,249.98,43.491,13
7224,249.38,43.411,13
7226,249.01,43.371,13
7228,248.88,43.371,13
7230,248.74,43.371,13
7232,248.14,43.291,13
7234,248.01,43.291,13
7236,247.87,43.291,13
7238,247.73,43.291,13
7240,247.6,43.291,13
7242,247.46,43.291,13
7244,247.32,43.291,13
7246,247.19,43.291,13
7248,247.05,43.291,13
7250,246.46,43.211,13
7252,246.32,43.211,13
7254,246.19,43.211,13
7256,246.05,43.211,13
7258,245.92,43.211,13
7260,245.55,43.172,13
7262,244.97,43.092,13
7264,244.83,43.092,13
7266,244.7,43.092,13
7268,244.11,43.013,13
7270,243.98,43.013,13
7272,243.4,42.934,13
7274,243.26,42.934,13
7276,242.9,42.894,13
7278,242.32,42.815,13
7280,242.19,42.815,13
7282,242.06,42.815,13
7284,241.48,42.737,13
7286,241.35,42.737,13
7288,241.22,42.737,13
7290,241.08,42.737,13
7292,240.95,42.737,13
7294,240.82,42.737,13
7296,240.24,42.658,13
7298,240.11,42.658,13
7300,239.98,42.658,13
7302,239.85,42.658,13
7304,239.5,42.619,13
7306,239.36,42.619,13
7308,239.23,42.619,13
7310,238.66,42.54,13
7312,238.53,42.54,13
7314,238.4,42.54,13
7316,238.27,42.54,13
7318,237.7,42.462,13
7320,237.57,42.462,13
7322,237.44,42.462,13
7324,237.31,42.462,13
7326,237.18,42.462,13
7328,236.62,42.384,13
7330,236.49,42.384,13
7332,236.14,42.345,13
7334,236.01,42.345,13
7336,235.45,42.267,13
7338,235.32,42.267,13
7340,234.76,42.189,13
7342,234.64,42.189,13
7344,234.51,42.189,13
7346,234.38,42.189,13
7348,233.82,42.111,13
7350,233.48,42.073,13
7352,233.35,42.073,13
7354,233.22,42.073,13
7356,233.1,42.073,13
7358,232.97,42.073,13
7360,232.42,41.995,13
7362,232.29,41.995,13
7364,232.16,41.995,13
7366,232.04,41.995,13
7368,231.91,41.995,13
7370,231.79,41.995,13
7372,231.66,41.995,13
7374,231.53,41.995,13
7376,231.41,41.995,13
7378,231.28,41.995,13
7380,231.16,41.995,13
7382,231.03,41.995,13
7384,230.48,41.918,13
7386,230.36,41.918,13
7388,230.23,41.918,13
7390,229.9,41.879,13
7392,229.35,41.802,13
7394,229.23,41.802,13
7396,228.68,41.725,13
7398,228.56,41.725,13
7400,228.01,41.649,13
7402,227.89,41.649,13
7404,227.56,41.61,13
7406,227.01,41.534,13
7408,226.89,41.534,13
7410,226.77,41.534,13
7412,226.65,41.534,13
7414,226.52,41.534,13
7416,226.4,41.534,13
7418,226.28,41.534,13
7420,226.16,41.534,13
7422,226.04,41.534,13
7424,225.91,41.534,13
7426,225.79,41.534,13
7428,225.67,41.534,13
7430,225.55,41.534,13
7432,225.01,41.457,13
7434,224.89,41.457,13
7436,224.77,41.457,13
7438,224.24,41.381,13
7440,224.12,41.381,13
7442,223.79,41.343,13
7444,223.67,41.343,13
7446,223.55,41.343,13
7448,223.02,41.267,13
7450,222.9,41.267,13
7452,222.78,41.267,13
7454,222.25,41.191,13
7456,222.13,41.191,13
7458,221.6,41.115,13
7460,221.28,41.077,13
7462,221.16,41.077,13
7464,221.04,41.077,13
7466,220.52,41.001,13
7468,220.4,41.001,13
7470,220.28,41.001,13
7472,220.16,41.001,13
7474,219.64,40.926,13
7476,219.52,40.926,13
7478,219.41,40.926,13
7480,219.29,40.926,13
7482,219.17,40.926,13
7484,218.65,40.851,13
7486,218.33,40.813,13
7488,218.22,40.813,13
7490,218.1,40.813,13
7492,217.58,40.738,13
7494,217.47,40.738,13
7496,217.35,40.738,13
7498,217.24,40.738,13
7500,216.72,40.663,13
7502,216.6,40.663,13
7504,216.49,40.663,13
7506,216.37,40.663,13
7508,216.06,40.626,13
7510,215.55,40.551,13
7512,215.43,40.551,13
7514,215.32,40.551,13
7516,214.81,40.476,13
7518,214.69,40.476,13
7520,214.58,40.476,13
7522,214.07,40.402,13
7524,213.96,40.402,13
7526,213.84,40.402,13
7528,213.73,40.402,13
7530,213.61,40.402,13
7532,213.5,40.402,13
7534,213.39,40.402,13
7536,213.27,40.402,13
7538,213.16,40.402,13
7540,212.85,40.364,13
7542,212.74,40.364,13
7544,212.24,40.29,13
7546,212.12,40.29,13
7548,212.01,40.29,13
7550,211.51,40.216,13
7552,211.4,40.216,13
7554,211.09,40.179,13
7556,210.98,40.179,13
7558,210.67,40.142,13
7560,210.37,40.105,13
7562,210.25,40.105,13
7564,209.95,40.068,13
7566,209.84,40.068,13
7568,209.54,40.031,13
7570,209.43,40.031,13
7572,209.12,39.994,13
7574,209.01,39.994,13
7576,208.71,39.958,13
7578,208.6,39.958,13
7580,208.3,39.921,13
7582,208,39.884,13
7584,207.89,39.884,13
7586,207.58,39.847,13
7588,207.47,39.847,13
7590,207.18,39.811,13
7592,207.07,39.811,13
7594,206.77,39.774,13
7596,206.66,39.774,13
7598,206.36,39.737,13
7600,206.25,39.737,13
7602,205.95,39.701,13
7604,205.65,39.664,13
7606,205.55,39.664,13
7608,205.25,39.628,13
7610,205.14,39.628,13
7612,204.84,39.591,13
7614,204.74,39.591,13
7616,204.44,39.555,13
7618,204.33,39.555,13
7620,204.04,39.518,13
7622,203.74,39.482,13
7624,203.64,39.482,13
7626,203.34,39.446,13
7628,203.23,39.446,13
7630,202.94,39.409,13
7632,202.83,39.409,13
7634,202.54,39.373,13
7636,202.25,39.337,13
7638,202.14,39.337,13
7640,201.85,39.301,13
7642,201.75,39.301,13
7644,201.46,39.264,13
7646,201.35,39.264,13
7648,201.06,39.228,13
7650,200.95,39.228,13
7652,200.67,39.192,13
7654,200.37,39.156,13
7656,200.27,39.156,13
7658,199.98,39.12,13
7660,199.88,39.12,13
7662,199.59,39.084,13
7664,199.48,39.084,13
7666,199.2,39.048,13
7668,198.91,39.012,13
7670,198.81,39.012,13
7672,198.52,38.976,13
7674,198.42,38.976,13
7676,198.13,38.94,13
7678,198.03,38.94,13
7680,197.74,38.904,13
7682,197.46,38.869,13
7684,197.35,38.869,13
7686,197.07,38.833,13
7688,196.97,38.833,13
7690,196.68,38.797,13
7692,195.86,38.654,13
7694,195.76,38.654,13
7696,195.84,38.69,13
7698,195.73,38.69,13
7700,195.63,38.69,13
7702,195.53,38.69,13
7704,195.25,38.654,13
7706,195.15,38.654,13
7708,195.05,38.654,13
7710,194.59,38.583,13
7712,194.48,38.583,13
7714,194.38,38.583,13
7716,194.28,38.583,13
7718,193.83,38.512,13
7720,193.73,38.512,13
7722,193.63,38.512,13
7724,193.35,38.477,13
7726,192.89,38.406,13
7728,192.79,38.406,13
7730,192.69,38.406,13
7732,192.24,38.335,13
7734,192.14,38.335,13
7736,192.04,38.335,13
7738,192.29,38.406,13
7740,192.19,38.406,13
7742,191.74,38.335,13
7744,191.64,38.335,13
7746,191.54,38.335,13
7748,191.44,38.335,13
7750,190.99,38.265,13
7752,190.89,38.265,13
7754,190.8,38.265,13
7756,190.7,38.265,13
7758,190.42,38.23,13
7760,189.97,38.159,13
7762,189.88,38.159,13
7764,189.78,38.159,13
7766,189.68,38.159,13
7768,189.23,38.089,13
7770,189.14,38.089,13
7772,189.04,38.089,13
7774,188.6,38.019,13
7776,188.5,38.019,13
7778,188.4,38.019,13
7780,188.13,37.984,13
7782,187.69,37.914,13
7784,187.59,37.914,13
7786,187.5,37.914,13
7788,187.05,37.844,13
7790,186.96,37.844,13
7792,186.52,37.775,13
7794,186.42,37.775,13
7796,186.16,37.74,13
7798,186.06,37.74,13
7800,185.96,37.74,13
7802,185.87,37.74,13
7804,185.43,37.67,13
7806,185.34,37.67,13
7808,185.24,37.67,13
7810,185.15,37.67,13
7812,185.05,37.67,13
7814,184.96,37.67,13
7816,184.52,37.601,13
7818,184.43,37.601,13
7820,184.33,37.601,13
7822,184.24,37.601,13
7824,183.81,37.532,13
7826,183.54,37.497,13
7828,183.45,37.497,13
7830,183.36,37.497,13
7832,183.26,37.497,13
7834,183.17,37.497,13
7836,182.74,37.428,13
7838,182.65,37.428,13
7840,182.55,37.428,13
7842,182.46,37.428,13
7844,182.37,37.428,13
7846,181.94,37.359,13
7848,181.85,37.359,13
7850,181.75,37.359,13
7852,181.49,37.325,13
7854,181.07,37.256,13
7856,180.97,37.256,13
7858,180.88,37.256,13
7860,180.46,37.188,13
7862,180.37,37.188,13
7864,180.27,37.188,13
7866,179.85,37.119,13
7868,179.76,37.119,13
7870,179.67,37.119,13
7872,179.58,37.119,13
7874,179.49,37.119,13
7876,179.39,37.119,13
7878,179.3,37.119,13
7880,179.21,37.119,13
7882,179.12,37.119,13
7884,179.03,37.119,13
7886,178.94,37.119,13
7888,178.68,37.085,13
7890,178.59,37.085,13
7892,178.17,37.017,13
7894,178.08,37.017,13
7896,177.99,37.017,13
7898,177.9,37.017,13
7900,177.49,36.949,13
7902,177.4,36.949,13
7904,177.31,36.949,13
7906,177.22,36.949,13
7908,176.8,36.881,13
7910,176.71,36.881,13
7912,176.46,36.847,13
7914,176.37,36.847,13
7916,175.96,36.779,13
7918,175.87,36.779,13
7920,175.78,36.779,13
7922,175.37,36.711,13
7924,175.28,36.711,13
7926,175.19,36.711,13
7928,175.1,36.711,13
7930,175.01,36.711,13
7932,174.93,36.711,13
7934,174.84,36.711,13
7936,174.75,36.711,13
7938,174.66,36.711,13
7940,174.25,36.644,13
7942,174.16,36.644,13
7944,173.92,36.61,13
7946,173.83,36.61,13
7948,173.74,36.61,13
7950,173.65,36.61,13
7952,173.57,36.61,13
7954,173.16,36.543,13
7956,173.07,36.543,13
7958,172.99,36.543,13
7960,172.9,36.543,13
7962,172.81,36.543,13
7964,172.41,36.475,13
7966,172.32,36.475,13
7968,172.23,36.475,13
7970,171.83,36.408,13
7972,171.59,36.375,13
7974,171.5,36.375,13
7976,171.42,36.375,13
7978,171.01,36.308,13
7980,170.93,36.308,13
7982,170.84,36.308,13
7984,170.76,36.308,13
7986,170.67,36.308,13
7988,170.59,36.308,13
7990,170.5,36.308,13
7992,170.1,36.241,13
7994,170.02,36.241,13
7996,169.93,36.241,13
7998,169.85,36.241,13
8000,169.76,36.241,13
8002,169.68,36.241,13
8004,169.59,36.241,13
8006,169.51,36.241,13
8008,169.42,36.241,13
8010,169.18,36.208,13
8012,168.79,36.141,13
8014,168.7,36.141,13
8016,168.62,36.141,13
8018,168.53,36.141,13
8020,168.45,36.141,13
8022,168.06,36.074,13
8024,167.97,36.074,13
8026,167.89,36.074,13
8028,167.81,36.074,13
8030,167.41,36.008,13
8032,167.33,36.008,13
8034,167.25,36.008,13
8036,167.01,35.975,13
8038,166.93,35.975,13
8040,166.54,35.909,13
8042,166.45,35.909,13
8044,166.37,35.909,13
8046,166.29,35.909,13
8048,166.21,35.909,13
8050,166.12,35.909,13
8052,166.04,35.909,13
8054,165.96,35.909,13
8056,165.88,35.909,13
8058,165.79,35.909,13
8060,165.41,35.843,13
8062,165.32,35.843,13
8064,165.24,35.843,13
8066,165.16,35.843,13
8068,165.08,35.843,13
8070,164.69,35.777,13
8072,164.61,35.777,13
8074,164.38,35.744,13
8076,164.3,35.744,13
8078,164.22,35.744,13
8080,163.83,35.678,13
8082,163.75,35.678,13
8084,163.67,35.678,13
8086,163.59,35.678,13
8088,163.51,35.678,13
8090,163.43,35.678,13
8092,163.35,35.678,13
8094,163.27,35.678,13
8096,162.88,35.612,13
8098,162.8,35.612,13
8100,162.42,35.547,13
8102,162.19,35.514,13
8104,162.11,35.514,13
8106,162.03,35.514,13
8108,161.66,35.449,13
8110,161.58,35.449,13
8112,161.5,35.449,13
8114,161.12,35.383,13
8116,161.04,35.383,13
8118,160.96,35.383,13
8120,160.88,35.383,13
8122,160.8,35.383,13
8124,160.43,35.318,13
8126,160.35,35.318,13
8128,160.27,35.318,13
8130,160.19,35.318,13
8132,160.11,35.318,13
8134,159.89,35.286,13
8136,159.81,35.286,13
8138,159.73,35.286,13
8140,159.36,35.221,13
8142,159.28,35.221,13
8144,159.2,35.221,13
8146,159.12,35.221,13
8148,158.75,35.156,13
8150,158.67,35.156,13
8152,158.6,35.156,13
8154,158.37,35.124,13
8156,158,35.059,13
8158,157.93,35.059,13
8160,157.56,34.995,13
8162,157.48,34.995,13
8164,157.4,34.995,13
8166,157.04,34.93,13
8168,156.96,34.93,13
8170,156.88,34.93,13
8172,156.66,34.898,13
8174,156.59,34.898,13
8176,156.22,34.834,13
8178,156.14,34.834,13
8180,156.07,34.834,13
8182,155.71,34.77,13
8184,155.63,34.77,13
8186,155.55,34.77,13
8188,155.48,34.77,13
8190,155.11,34.706,13
8192,155.04,34.706,13
8194,154.82,34.674,13
8196,154.74,34.674,13
8198,154.67,34.674,13
8200,154.59,34.674,13
8202,154.52,34.674,13
8204,154.44,34.674,13
8206,154.37,34.674,13
8208,154.29,34.674,13
8210,154.22,34.674,13
8212,154.14,34.674,13
8214,154.07,34.674,13
8216,153.71,34.61,13
8218,153.63,34.61,13
8220,153.56,34.61,13
8222,153.2,34.546,13
8224,153.13,34.546,13
8226,152.77,34.483,13
8228,152.56,34.451,13
8230,152.48,34.451,13
8232,152.41,34.451,13
8234,152.33,34.451,13
8236,151.98,34.387,13
8238,151.91,34.387,13
8240,151.83,34.387,13
8242,151.76,34.387,13
8244,151.41,34.324,13
8246,151.33,34.324,13
8248,151.12,34.293,13
8250,150.77,34.229,13
8252,150.7,34.229,13
8254,150.62,34.229,13
8256,150.27,34.166,13
8258,150.2,34.166,13
8260,150.13,34.166,13
8262,150.05,34.166,13
8264,149.71,34.104,13
8266,149.63,34.104,13
8268,149.56,34.104,13
8270,149.49,34.104,13
8272,149.28,34.072,13
8274,148.93,34.009,13
8276,148.86,34.009,13
8278,148.79,34.009,13
8280,148.44,33.947,13
8282,148.37,33.947,13
8284,148.3,33.947,13
8286,147.96,33.884,13
8288,147.88,33.884,13
8290,147.4,33.791,13
8292,147.33,33.791,13
8294,146.99,33.729,13
8296,146.92,33.729,13
8298,146.85,33.729,13
8300,146.51,33.667,13
8302,146.71,33.729,13
8304,146.64,33.729,13
8306,146.57,33.729,13
8308,146.5,33.729,13
8310,146.43,33.729,13
8312,146.36,33.729,13
8314,146.29,33.729,13
8316,146.22,33.729,13
8318,145.88,33.667,13
8320,145.81,33.667,13
8322,145.74,33.667,13
8324,145.67,33.667,13
8326,145.6,33.667,13
8328,145.39,33.636,13
8330,145.32,33.636,13
8332,145.25,33.636,13
8334,145.18,33.636,13
8336,145.11,33.636,13
8338,145.04,33.636,13
8340,144.71,33.574,13
8342,144.64,33.574,13
8344,144.57,33.574,13
8346,144.23,33.512,13
8348,144.16,33.512,13
8350,143.83,33.45,13
8352,143.63,33.419,13
8354,143.56,33.419,13
8356,143.23,33.358,13
8358,143.16,33.358,13
8360,142.83,33.297,13
8362,142.76,33.297,13
8364,142.56,33.266,13
8366,142.49,33.266,13
8368,142.16,33.205,13
8370,142.09,33.205,13
8372,142.02,33.205,13
8374,141.96,33.205,13
8376,141.63,33.144,13
8378,141.56,33.144,13
8380,141.49,33.144,13
8382,141.42,33.144,13
8384,141.36,33.144,13
8386,141.29,33.144,13
8388,141.22,33.144,13
8390,141.16,33.144,13
8392,140.83,33.083,13
8394,140.76,33.083,13
8396,140.69,33.083,13
8398,140.5,33.052,13
8400,140.17,32.991,13
8402,140.11,32.991,13
8404,139.78,32.931,13
8406,139.71,32.931,13
8408,139.26,32.84,13
8410,139.2,32.84,13
8412,139.13,32.84,13
8414,139.06,32.84,13
8416,139,32.84,13
8418,138.93,32.84,13
8420,138.87,32.84,13
8422,138.8,32.84,13
8424,138.48,32.779,13
8426,138.41,32.779,13
8428,138.35,32.779,13
8430,138.28,32.779,13
8432,137.96,32.719,13
8434,137.9,32.719,13
8436,137.83,32.719,13
8438,137.51,32.659,13
8440,137.32,32.629,13
8442,137.26,32.629,13
8444,137.19,32.629,13
8446,136.87,32.569,13
8448,136.81,32.569,13
8450,136.74,32.569,13
8452,136.68,32.569,13
8454,136.87,32.629,13
8456,136.8,32.629,13
8458,136.74,32.629,13
8460,136.67,32.629,13
8462,136.36,32.569,13
8464,136.29,32.569,13
8466,136.23,32.569,13
8468,136.16,32.569,13
8470,135.85,32.509,13
8472,135.78,32.509,13
8474,135.72,32.509,13
8476,135.66,32.509,13
8478,135.84,32.569,13
8480,135.78,32.569,13
8482,135.71,32.569,13
8484,135.65,32.569,13
8486,135.59,32.569,13
8488,135.77,32.629,13
8490,135.71,32.629,13
8492,135.64,32.629,13
8494,135.71,32.659,13
8496,135.64,32.659,13
8498,135.58,32.659,13
8500,135.76,32.719,13
8502,135.45,32.659,13
8504,135.26,32.629,13
8506,135.2,32.629,13
8508,135.13,32.629,13
8510,134.82,32.569,13
8512,134.51,32.509,13
8514,134.45,32.509,13
8516,134.14,32.449,13
8518,134.07,32.449,13
8520,134.01,32.449,13
8522,133.95,32.449,13
8524,134.13,32.509,13
8526,134.32,32.569,13
8528,134.25,32.569,13
8530,134.44,32.629,13
8532,134.5,32.659,13
8534,134.68,32.719,13
8536,134.87,32.779,13
8538,134.56,32.719,13
8540,134.49,32.719,13
8542,134.43,32.719,13
8544,134,32.629,13
8546,133.69,32.569,13
8548,133.38,32.509,13
8550,132.95,32.419,13
8552,132.64,32.359,13
8554,132.34,32.3,13
8556,131.91,32.211,13
8558,131.61,32.151,13
8560,131.18,32.063,13
8562,130.88,32.004,13
8564,130.34,31.886,13
8566,129.92,31.798,13
8568,129.86,31.798,13
8570,129.56,31.739,13
8572,129.26,31.681,13
8574,129.08,31.652,13
8576,129.02,31.652,13
8578,128.72,31.594,13
8580,128.66,31.594,13
8582,128.84,31.652,13
8584,128.78,31.652,13
8586,128.72,31.652,13
8588,128.66,31.652,13
8590,128.6,31.652,13
8592,128.54,31.652,13
8594,128.48,31.652,13
8596,128.42,31.652,13
8598,128.12,31.594,13
8600,128.06,31.594,13
8602,128,31.594,13
8604,127.71,31.536,13
8606,127.65,31.536,13
8608,127.35,31.477,13
8610,127.3,31.477,13
8612,127.12,31.448,13
8614,127.06,31.448,13
8616,126.77,31.391,13
8618,126.48,31.333,13
8620,126.42,31.333,13
8622,126.24,31.304,13
8624,125.95,31.246,13
8626,125.89,31.246,13
8628,125.6,31.189,13
8630,125.54,31.189,13
8632,125.49,31.189,13
8634,125.43,31.189,13
8636,125.37,31.189,13
8638,125.54,31.246,13
8640,125.49,31.246,13
8642,125.43,31.246,13
8644,125.6,31.304,13
8646,125.66,31.333,13
8648,125.83,31.391,13
8650,126,31.448,13
8652,126.06,31.477,13
8654,126.47,31.594,13
8656,126.64,31.652,13
8658,126.7,31.681,13
8660,126.88,31.739,13
8662,126.82,31.739,13
8664,126.99,31.798,13
8666,126.7,31.739,13
8668,126.41,31.681,13
8670,126.24,31.652,13
8672,125.95,31.594,13
8674,125.42,31.477,13
8676,125.25,31.448,13
8678,124.96,31.391,13
8680,124.68,31.333,13
8682,124.27,31.246,13
8684,123.99,31.189,13
8686,123.7,31.132,13
8688,123.65,31.132,13
8690,123.25,31.046,13
8692,122.96,30.988,13
8694,122.57,30.903,13
8696,122.51,30.903,13
8698,122.23,30.846,13
8700,121.95,30.789,13
8702,121.67,30.733,13
8704,121.5,30.704,13
8706,121.22,30.648,13
8708,121.17,30.648,13
8710,120.89,30.591,13
8712,120.72,30.563,13
8714,120.44,30.507,13
8716,120.39,30.507,13
8718,120.33,30.507,13
8720,120.06,30.451,13
8722,120,30.451,13
8724,119.73,30.395,13
8726,119.67,30.395,13
8728,119.62,30.395,13
8730,119.56,30.395,13
8732,119.73,30.451,13
8734,119.67,30.451,13
8736,119.84,30.507,13
8738,119.78,30.507,13
8740,119.95,30.563,13
8742,120,30.591,13
8744,119.95,30.591,13
8746,119.9,30.591,13
8748,119.84,30.591,13
8750,119.79,30.591,13
8752,119.73,30.591,13
8754,119.68,30.591,13
8756,119.51,30.563,13
8758,119.46,30.563,13
8760,119.18,30.507,13
8762,119.13,30.507,13
8764,118.85,30.451,13
8766,118.8,30.451,13
8768,118.53,30.395,13
8770,118.36,30.367,13
8772,118.09,30.311,13
8774,117.82,30.255,13
8776,117.77,30.255,13
8778,117.5,30.199,13
8780,117.12,30.116,13
8782,116.85,30.061,13
8784,116.58,30.005,13
8786,116.42,29.978,13
8788,116.16,29.923,13
8790,116.1,29.923,13
8792,115.84,29.867,13
8794,115.78,29.867,13
8796,115.73,29.867,13
8798,115.68,29.867,13
8800,115.63,29.867,13
8802,115.57,29.867,13
8804,115.52,29.867,13
8806,115.68,29.923,13
8808,115.63,29.923,13
8810,115.58,29.923,13
8812,115.52,29.923,13
8814,115.47,29.923,13
8816,115.42,29.923,13
8818,115.37,29.923,13
8820,115.1,29.867,13
8822,115.05,29.867,13
8824,114.79,29.813,13
8826,114.63,29.785,13
8828,114.58,29.785,13
8830,114.52,29.785,13
8832,114.26,29.73,13
8834,114.21,29.73,13
8836,114.16,29.73,13
8838,114.11,29.73,13
8840,114.06,29.73,13
8842,114,29.73,13
8844,113.95,29.73,13
8846,114.11,29.785,13
8848,114.16,29.813,13
8850,114.32,29.867,13
8852,114.48,29.923,13
8854,114.43,29.923,13
8856,114.59,29.978,13
8858,114.54,29.978,13
8860,114.49,29.978,13
8862,114.43,29.978,13
8864,114.38,29.978,13
8866,114.12,29.923,13
8868,114.07,29.923,13
8870,114.02,29.923,13
8872,113.76,29.867,13
8874,113.39,29.785,13
8876,113.13,29.73,13
8878,112.87,29.676,13
8880,112.72,29.648,13
8882,112.46,29.594,13
8884,112.2,29.539,13
8886,111.95,29.485,13
8888,111.9,29.485,13
8890,111.74,29.458,13
8892,111.49,29.404,13
8894,111.23,29.349,13
8896,111.18,29.349,13
8898,110.93,29.295,13
8900,110.77,29.268,13
8902,110.52,29.215,13
8904,110.47,29.215,13
8906,110.22,29.161,13
8908,109.97,29.107,13
8910,109.82,29.08,13
8912,109.56,29.027,13
8914,109.11,28.92,13
8916,108.76,28.84,13
8918,108.51,28.787,13
8920,108.17,28.708,13
8922,107.92,28.655,13
8924,107.67,28.602,13
8926,107.52,28.576,13
8928,107.28,28.523,13
8930,107.03,28.471,13
8932,106.79,28.418,13
8934,106.64,28.392,13
8936,106.4,28.34,13
8938,106.15,28.288,13
8940,105.81,28.21,13
8942,105.57,28.158,13
8944,105.14,28.054,13
8946,104.99,28.028,13
8948,104.56,27.925,13
8950,104.42,27.9,13
8952,104.18,27.848,13
8954,104.13,27.848,13
8956,104.09,27.848,13
8958,104.04,27.848,13
8960,103.99,27.848,13
8962,103.95,27.848,13
8964,103.9,27.848,13
8966,103.85,27.848,13
8968,103.81,27.848,13
8970,103.76,27.848,13
8972,103.91,27.9,13
8974,103.96,27.925,13
8976,103.91,27.925,13
8978,103.86,27.925,13
8980,103.82,27.925,13
8982,103.48,27.848,13
8984,103.44,27.848,13
8986,103.2,27.797,13
8988,103.16,27.797,13
8990,103.11,27.797,13
8992,103.06,27.797,13
8994,103.02,27.797,13
8996,103.16,27.848,13
8998,103.12,27.848,13
9000,103.07,27.848,13
9002,103.21,27.9,13
9004,103.17,27.9,13
9006,103.12,27.9,13
9008,102.89,27.848,13
9010,102.84,27.848,13
9012,102.8,27.848,13
9014,102.75,27.848,13
9016,102.71,27.848,13
9018,102.47,27.797,13
9020,102.24,27.746,13
9022,102.1,27.72,13
9024,101.68,27.619,13
9026,101.16,27.492,13
9028,100.75,27.391,13
9030,100.61,27.365,13
9032,100.2,27.265,13
9034,100.06,27.24,13
9036,99.648,27.139,13
9038,99.421,27.089,13
9040,99.102,27.015,13
9042,98.876,26.965,13
9044,98.651,26.915,13
9046,98.335,26.841,13
9048,98.11,26.792,13
9050,98.067,26.792,13
9052,97.843,26.742,13
9054,97.8,26.742,13
9056,97.667,26.718,13
9058,97.624,26.718,13
9060,97.671,26.742,13
9062,97.628,26.742,13
9064,97.764,26.792,13
9066,97.901,26.841,13
9068,98.129,26.915,13
9070,98.267,26.965,13
9072,98.223,26.965,13
9074,98.361,27.015,13
9076,98.318,27.015,13
9078,98.274,27.015,13
9080,98.412,27.064,13
9082,98.369,27.064,13
9084,98.326,27.064,13
9086,98.101,27.015,13
9088,98.058,27.015,13
9090,98.015,27.015,13
9092,97.792,26.965,13
9094,97.569,26.915,13
9096,97.436,26.89,13
9098,97.214,26.841,13
9100,97.171,26.841,13
9102,96.95,26.792,13
9104,96.907,26.792,13
9106,96.865,26.792,13
9108,96.822,26.792,13
9110,96.78,26.792,13
9112,96.915,26.841,13
9114,96.873,26.841,13
9116,96.83,26.841,13
9118,96.788,26.841,13
9120,96.745,26.841,13
9122,96.703,26.841,13
9124,96.661,26.841,13
9126,96.441,26.792,13
9128,96.398,26.792,13
9130,96.356,26.792,13
9132,96.314,26.792,13
9134,96.272,26.792,13
9136,96.229,26.792,13
9138,96.187,26.792,13
9140,96.145,26.792,13
9142,96.103,26.792,13
9144,96.061,26.792,13
9146,96.019,26.792,13
9148,95.977,26.792,13
9150,95.935,26.792,13
9152,95.893,26.792,13
9154,95.851,26.792,13
9156,95.81,26.792,13
9158,95.944,26.841,13
9160,95.902,26.841,13
9162,95.86,26.841,13
9164,95.818,26.841,13
9166,95.777,26.841,13
9168,95.735,26.841,13
9170,95.517,26.792,13
9172,95.475,26.792,13
9174,95.434,26.792,13
9176,95.568,26.841,13
9178,95.702,26.89,13
9180,95.749,26.915,13
9182,95.708,26.915,13
9184,95.842,26.965,13
9186,95.801,26.965,13
9188,95.935,27.015,13
9190,95.893,27.015,13
9192,95.852,27.015,13
9194,95.987,27.064,13
9196,96.034,27.089,13
9198,95.992,27.089,13
9200,96.127,27.139,13
